video,query_id,config,fscore,exact_precision,exact_recall,exact_fscore,query_relevance_or,query_relevance_and,selection_objective,selected_indices,method,held_out_video,training_objective
P01,Book_Street,rule=mean;visual=0.10;diversity=0.20,0.39331243208794225,0.05454545454545454,0.03260869565217391,0.04081632653061224,0.8545454545454545,0.0,0.6239289433166983,"[471, 475, 481, 552, 556, 557, 558, 559, 563, 564, 571, 573, 575, 879, 1059, 1061, 1062, 1066, 1371, 1376, 1377, 1378, 1383, 1385, 1387, 1388, 1389, 1390, 1391, 1392, 1396, 1399, 1402, 1404, 1405, 1406, 1407, 1409, 1410, 1411, 1413, 1417, 1421, 1424, 1437, 1459, 1462, 1463, 1464, 1467, 1468, 1469, 1470, 1479, 1488]",Ours-Nested-Intent-Selector,P01,0.4813950753579209
P01,Book_Sun,rule=mean;visual=0.10;diversity=0.20,0.43950322912587075,0.07272727272727272,0.038461538461538464,0.050314465408805034,0.45454545454545453,0.0,0.44702434183566264,"[474, 480, 550, 552, 568, 577, 631, 632, 633, 825, 826, 828, 830, 864, 879, 882, 884, 885, 915, 916, 917, 919, 920, 924, 1058, 1059, 1060, 1061, 1062, 1063, 1064, 1065, 1066, 1067, 1146, 1261, 1383, 1384, 1391, 1392, 1396, 1399, 1411, 1413, 1467, 1479, 1519, 1524, 1713, 1900, 1922, 1961, 1972, 2499, 2612]",Ours-Nested-Intent-Selector,P01,0.4813950753579209
P01,Book_Tree,rule=mean;visual=0.10;diversity=0.20,0.3694383898929354,0.10909090909090909,0.049586776859504134,0.06818181818181819,0.9636363636363636,0.0,0.6665373767646495,"[471, 475, 551, 552, 554, 557, 559, 563, 564, 573, 575, 577, 879, 915, 916, 1059, 1060, 1061, 1062, 1063, 1064, 1065, 1066, 1383, 1385, 1387, 1388, 1389, 1390, 1391, 1392, 1394, 1396, 1399, 1400, 1402, 1403, 1404, 1405, 1406, 1407, 1408, 1409, 1410, 1411, 1413, 1424, 1462, 1463, 1464, 1467, 1468, 1469, 1479, 1488]",Ours-Nested-Intent-Selector,P01,0.4813950753579209
P01,Building_Petsanimal,rule=mean;visual=0.10;diversity=0.20,0.3965193168801417,0.2909090909090909,0.11510791366906475,0.16494845360824742,0.6727272727272727,0.0,0.5346232948037072,"[469, 471, 475, 509, 548, 549, 550, 551, 552, 559, 570, 577, 579, 581, 582, 583, 1365, 1368, 1369, 1371, 1372, 1376, 1382, 1383, 1391, 1392, 1393, 1396, 1399, 1406, 1407, 1408, 1409, 1411, 1491, 1496, 1508, 1509, 1510, 1513, 1515, 1517, 1519, 1521, 1522, 1523, 1524, 1525, 1526, 1529, 1739, 1866, 1948, 2205, 2612]",Ours-Nested-Intent-Selector,P01,0.4813950753579209
P01,Car_Petsanimal,rule=mean;visual=0.10;diversity=0.20,0.38379925629925615,0.01818181818181818,0.009523809523809525,0.0125,1.0,0.0,0.6918996281496281,"[558, 565, 573, 1371, 1373, 1376, 1383, 1387, 1388, 1396, 1397, 1399, 1406, 1407, 1408, 1409, 1410, 1411, 1417, 1420, 1421, 1422, 1423, 1424, 1430, 1432, 1433, 1435, 1436, 1437, 1439, 1441, 1442, 1443, 1444, 1449, 1450, 1452, 1453, 1454, 1456, 1458, 1459, 1460, 1464, 1465, 1468, 1470, 1483, 1484, 1490, 1499, 1500, 1513, 1514]",Ours-Nested-Intent-Selector,P01,0.4813950753579209
P01,Chair_Desk,rule=mean;visual=0.10;diversity=0.20,0.39894869663081595,0.0,0.0,0.0,0.6909090909090909,0.2727272727272727,0.5449288937699535,"[47, 94, 135, 159, 177, 203, 210, 214, 222, 227, 229, 252, 265, 285, 287, 288, 293, 315, 334, 338, 340, 344, 345, 349, 351, 355, 357, 358, 367, 385, 394, 410, 411, 419, 427, 429, 434, 435, 438, 441, 443, 451, 455, 456, 460, 693, 697, 736, 875, 961, 1050, 1163, 1168, 1170, 1171]",Ours-Nested-Intent-Selector,P01,0.4813950753579209
P01,Chair_Men,rule=mean;visual=0.10;diversity=0.20,0.292345818432775,0.07272727272727272,0.020202020202020204,0.0316205533596838,0.9818181818181818,0.5272727272727272,0.6370820001254784,"[47, 94, 99, 110, 135, 157, 159, 163, 165, 177, 210, 214, 222, 229, 241, 242, 243, 252, 262, 265, 266, 270, 279, 285, 287, 288, 293, 298, 315, 317, 326, 334, 338, 344, 349, 350, 357, 358, 361, 366, 385, 394, 404, 405, 410, 411, 412, 421, 438, 441, 443, 451, 456, 460, 693]",Ours-Nested-Intent-Selector,P01,0.4813950753579209
P01,Computer_Boat,rule=mean;visual=0.10;diversity=0.20,0.34562767740733835,0.03636363636363636,0.031746031746031744,0.033898305084745756,0.9454545454545454,0.0,0.645541111430942,"[617, 618, 623, 626, 627, 628, 631, 632, 633, 634, 637, 638, 640, 641, 642, 646, 647, 648, 649, 650, 651, 652, 653, 654, 655, 657, 662, 669, 671, 673, 675, 676, 678, 679, 682, 683, 684, 695, 723, 738, 739, 740, 741, 742, 743, 744, 745, 749, 802, 803, 807, 808, 809, 997, 2782]",Ours-Nested-Intent-Selector,P01,0.4813950753579209
P01,Cupglass_Garden,rule=mean;visual=0.10;diversity=0.20,0.3403066550125374,0.03636363636363636,0.015384615384615385,0.021621621621621623,0.18181818181818182,0.0,0.2610624184153596,"[55, 72, 80, 83, 94, 99, 139, 157, 159, 165, 170, 180, 191, 194, 199, 202, 223, 232, 252, 263, 265, 272, 276, 290, 302, 318, 334, 339, 341, 342, 348, 366, 372, 373, 385, 399, 412, 459, 460, 470, 473, 474, 481, 482, 1007, 1010, 1286, 1739, 1947, 2033, 2230, 2245, 2401, 2594, 2609]",Ours-Nested-Intent-Selector,P01,0.4813950753579209
P01,Desk_Face,rule=mean;visual=0.10;diversity=0.20,0.4355370555370556,0.0,0.0,0.0,0.6727272727272727,0.21818181818181817,0.5541321641321642,"[47, 94, 108, 119, 135, 139, 157, 159, 163, 165, 176, 177, 185, 190, 194, 195, 203, 222, 227, 229, 232, 236, 253, 257, 265, 285, 287, 309, 334, 338, 342, 344, 345, 349, 351, 355, 357, 358, 385, 421, 907, 930, 1076, 1078, 1079, 1080, 1159, 1160, 1178, 1184, 1199, 1208, 1209, 1227, 1237]",Ours-Nested-Intent-Selector,P01,0.4813950753579209
P01,Desk_Hands,rule=mean;visual=0.10;diversity=0.20,0.4331848200461339,0.0,0.0,0.0,0.8727272727272727,0.3090909090909091,0.6529560463867032,"[71, 78, 119, 129, 135, 149, 165, 182, 185, 194, 195, 198, 202, 206, 215, 222, 224, 227, 236, 239, 253, 255, 257, 261, 265, 278, 279, 285, 289, 291, 297, 301, 313, 316, 338, 339, 383, 385, 390, 842, 864, 869, 875, 931, 945, 1006, 1076, 1079, 1153, 1158, 1178, 1182, 1189, 1291, 2088]",Ours-Nested-Intent-Selector,P01,0.4813950753579209
P01,Desk_Office,rule=mean;visual=0.10;diversity=0.20,0.3777942347507565,0.0,0.0,0.0,0.509090909090909,0.03636363636363636,0.4434425719208328,"[621, 634, 635, 636, 638, 639, 646, 648, 655, 663, 664, 665, 667, 668, 671, 672, 673, 675, 677, 834, 869, 889, 917, 918, 919, 924, 932, 962, 963, 1006, 1024, 1025, 1027, 1033, 1036, 1039, 1042, 1050, 1051, 1059, 1134, 1156, 1157, 1159, 1162, 1168, 1170, 1171, 1173, 1174, 1188, 1189, 1190, 1309, 1537]",Ours-Nested-Intent-Selector,P01,0.4813950753579209
P01,Drink_Face,rule=mean;visual=0.10;diversity=0.20,0.41246127609763966,0.09090909090909091,0.056818181818181816,0.06993006993006994,0.7454545454545455,0.21818181818181817,0.5789579107760926,"[43, 44, 47, 84, 94, 108, 119, 135, 157, 159, 163, 165, 176, 177, 185, 195, 199, 202, 208, 212, 214, 222, 229, 232, 234, 235, 236, 257, 265, 270, 285, 287, 290, 296, 304, 315, 317, 334, 338, 342, 344, 348, 349, 355, 358, 361, 378, 385, 411, 412, 421, 442, 700, 1010, 1227]",Ours-Nested-Intent-Selector,P01,0.4813950753579209
P01,Drink_Food,rule=mean;visual=0.10;diversity=0.20,0.4412188564730936,0.01818181818181818,0.015873015873015872,0.016949152542372878,0.9636363636363636,0.509090909090909,0.7024276100547286,"[44, 47, 58, 78, 83, 84, 94, 101, 108, 117, 119, 121, 139, 143, 157, 159, 163, 165, 171, 175, 177, 185, 190, 194, 195, 202, 204, 211, 212, 215, 222, 229, 232, 236, 257, 261, 262, 263, 265, 270, 279, 280, 285, 287, 290, 296, 302, 310, 339, 342, 355, 361, 376, 412, 1010]",Ours-Nested-Intent-Selector,P01,0.4813950753579209
P01,Drink_Musicalinstrument,rule=mean;visual=0.10;diversity=0.20,0.4269139434493764,0.0,0.0,0.0,0.4,0.0,0.4134569717246882,"[43, 44, 47, 63, 83, 94, 157, 159, 165, 184, 187, 190, 202, 203, 208, 211, 213, 214, 227, 229, 230, 246, 262, 265, 270, 287, 290, 334, 335, 342, 349, 358, 360, 385, 419, 460, 694, 696, 700, 735, 736, 958, 1010, 1078, 1089, 1100, 1125, 1138, 1159, 1203, 1227, 1265, 1286, 2491, 2556]",Ours-Nested-Intent-Selector,P01,0.4813950753579209
P01,Face_Party,rule=mean;visual=0.10;diversity=0.20,0.403313160269682,0.0,0.0,0.0,0.6363636363636364,0.16363636363636364,0.5198383983166592,"[43, 44, 47, 63, 94, 119, 135, 163, 165, 173, 176, 177, 185, 190, 194, 202, 203, 211, 225, 229, 234, 235, 241, 246, 264, 265, 270, 285, 286, 287, 296, 298, 314, 315, 323, 326, 334, 335, 337, 340, 342, 348, 349, 357, 358, 367, 385, 404, 412, 415, 421, 440, 441, 975, 1010]",Ours-Nested-Intent-Selector,P01,0.4813950753579209
P01,Face_Phone,rule=mean;visual=0.10;diversity=0.20,0.4337401669368881,0.07272727272727272,0.05970149253731343,0.06557377049180327,0.7454545454545455,0.12727272727272726,0.5895973561957168,"[44, 47, 229, 244, 258, 284, 287, 288, 289, 291, 316, 320, 324, 334, 338, 345, 351, 385, 436, 441, 454, 457, 459, 686, 688, 701, 705, 706, 707, 716, 717, 727, 728, 731, 837, 933, 934, 936, 946, 991, 996, 997, 1075, 1078, 1126, 1160, 1207, 1227, 1262, 1271, 1346, 1350, 1352, 1356, 2782]",Ours-Nested-Intent-Selector,P01,0.4813950753579209
P01,Food_Grass,rule=mean;visual=0.10;diversity=0.20,0.3700815784481123,0.07272727272727272,0.02040816326530612,0.03187250996015936,0.9818181818181818,0.0,0.675949880133147,"[50, 54, 57, 58, 62, 65, 66, 78, 82, 86, 122, 154, 180, 475, 2116, 2210, 2222, 2224, 2225, 2226, 2230, 2240, 2246, 2268, 2359, 2371, 2385, 2386, 2414, 2415, 2419, 2420, 2427, 2438, 2440, 2441, 2445, 2447, 2448, 2453, 2461, 2487, 2489, 2503, 2509, 2513, 2516, 2517, 2522, 2539, 2549, 2550, 2565, 2571, 2580]",Ours-Nested-Intent-Selector,P01,0.4813950753579209
P01,Food_Hands,rule=mean;visual=0.10;diversity=0.20,0.5772630354719906,0.07272727272727272,0.05063291139240506,0.05970149253731344,1.0,0.8545454545454545,0.7886315177359953,"[50, 56, 57, 58, 71, 78, 114, 122, 126, 171, 181, 182, 195, 215, 261, 281, 2008, 2065, 2132, 2138, 2177, 2194, 2222, 2226, 2246, 2248, 2282, 2349, 2359, 2385, 2386, 2416, 2418, 2429, 2433, 2434, 2437, 2438, 2447, 2448, 2453, 2461, 2493, 2502, 2520, 2531, 2533, 2534, 2536, 2550, 2553, 2560, 2570, 2582, 2597]",Ours-Nested-Intent-Selector,P01,0.4813950753579209
P01,Food_Men,rule=mean;visual=0.10;diversity=0.20,0.4655937453351246,0.03636363636363636,0.03278688524590164,0.03448275862068966,1.0,0.9090909090909091,0.7327968726675623,"[4, 47, 58, 78, 79, 94, 99, 100, 101, 108, 110, 117, 119, 121, 135, 139, 150, 152, 157, 163, 165, 166, 171, 175, 177, 185, 190, 194, 195, 202, 204, 215, 218, 229, 232, 233, 236, 253, 257, 259, 261, 262, 263, 265, 273, 279, 280, 287, 289, 302, 310, 342, 357, 361, 383]",Ours-Nested-Intent-Selector,P01,0.4813950753579209
P01,Food_Sky,rule=mean;visual=0.10;diversity=0.20,0.49466223907217705,0.03636363636363636,0.018867924528301886,0.02484472049689441,0.9272727272727272,0.0,0.7109674831724522,"[50, 57, 62, 78, 1371, 1372, 1373, 1375, 1376, 1377, 1410, 1411, 1424, 1427, 1430, 1431, 1435, 1436, 1437, 1438, 1439, 1442, 1446, 1458, 1459, 1460, 1462, 1484, 1488, 1491, 2132, 2245, 2246, 2297, 2385, 2388, 2414, 2418, 2419, 2422, 2426, 2427, 2438, 2444, 2447, 2448, 2453, 2458, 2487, 2490, 2515, 2517, 2547, 2550, 2580]",Ours-Nested-Intent-Selector,P01,0.4813950753579209
P01,Grass_Hall,rule=mean;visual=0.10;diversity=0.20,0.43604803651973467,0.09090909090909091,0.04807692307692308,0.06289308176100629,0.23636363636363636,0.0,0.3362058364416855,"[37, 38, 469, 471, 475, 476, 477, 478, 480, 506, 515, 520, 550, 1392, 1519, 1525, 1526, 1527, 1530, 1537, 1628, 1630, 1699, 1719, 1724, 1725, 1726, 1728, 1729, 1732, 1736, 1737, 1738, 1739, 1744, 1748, 1750, 1751, 1753, 1757, 1758, 1759, 1768, 1770, 1779, 1780, 1784, 1793, 1799, 1802, 1804, 1807, 1817, 1885, 1896]",Ours-Nested-Intent-Selector,P01,0.4813950753579209
P01,Grass_Kids,rule=mean;visual=0.10;diversity=0.20,0.4811195452221094,0.07272727272727272,0.06451612903225806,0.06837606837606838,0.14545454545454545,0.0,0.3132870453383274,"[38, 39, 471, 473, 474, 475, 476, 477, 478, 480, 481, 570, 1369, 1383, 1386, 1389, 1390, 1391, 1395, 1487, 1516, 1517, 1519, 1520, 1521, 1524, 1525, 1527, 1528, 1529, 1530, 1531, 1629, 1642, 1722, 1726, 1737, 1739, 1740, 1743, 1769, 1780, 1781, 1783, 1785, 1798, 1800, 1808, 1812, 1813, 1834, 1879, 1889, 1896, 2549]",Ours-Nested-Intent-Selector,P01,0.4813950753579209
P01,Grass_Phone,rule=mean;visual=0.10;diversity=0.20,0.4800358304595593,0.05454545454545454,0.047619047619047616,0.05084745762711864,0.6909090909090909,0.0,0.5854724606843251,"[320, 471, 473, 474, 475, 476, 477, 478, 480, 686, 717, 727, 817, 983, 996, 997, 1334, 1335, 1336, 1337, 1338, 1339, 1340, 1341, 1343, 1345, 1346, 1347, 1348, 1349, 1350, 1351, 1352, 1353, 1354, 1355, 1356, 1357, 1358, 1384, 1385, 1389, 1391, 1392, 1487, 1629, 1739, 1905, 1985, 2308, 2315, 2590, 2770, 2774, 2782]",Ours-Nested-Intent-Selector,P01,0.4813950753579209
P01,Grass_Shoes,rule=mean;visual=0.10;diversity=0.20,0.4846242043916464,0.09090909090909091,0.06756756756756757,0.07751937984496124,0.18181818181818182,0.0,0.3332211931049141,"[471, 473, 474, 475, 476, 477, 478, 480, 481, 570, 592, 1383, 1385, 1386, 1389, 1390, 1391, 1487, 1517, 1520, 1521, 1525, 1526, 1527, 1528, 1529, 1530, 1629, 1645, 1697, 1705, 1710, 1716, 1718, 1722, 1729, 1733, 1734, 1739, 1740, 1743, 1780, 1781, 1782, 1783, 1785, 1794, 1798, 1800, 1808, 1811, 1813, 1816, 1823, 1824]",Ours-Nested-Intent-Selector,P01,0.4813950753579209
P01,Grass_Student,rule=mean;visual=0.10;diversity=0.20,0.4363154921059334,0.05454545454545454,0.05263157894736842,0.05357142857142857,0.05454545454545454,0.0,0.24543047332569398,"[38, 469, 471, 473, 474, 475, 476, 477, 478, 480, 481, 550, 552, 554, 567, 570, 634, 639, 640, 650, 655, 663, 677, 1189, 1384, 1385, 1386, 1389, 1390, 1391, 1392, 1404, 1467, 1469, 1487, 1515, 1516, 1517, 1519, 1521, 1524, 1525, 1526, 1527, 1530, 1531, 1535, 1537, 1722, 1739, 1743, 1759, 1768, 1780, 1785]",Ours-Nested-Intent-Selector,P01,0.4813950753579209
P01,Hall_Garden,rule=mean;visual=0.10;diversity=0.20,0.45056202615726426,0.03636363636363636,0.028169014084507043,0.031746031746031744,0.36363636363636365,0.0,0.40709919489681395,"[38, 473, 481, 500, 1525, 1527, 1530, 1537, 1628, 1629, 1630, 1651, 1705, 1714, 1722, 1724, 1725, 1726, 1727, 1728, 1729, 1730, 1732, 1736, 1737, 1739, 1743, 1744, 1746, 1747, 1748, 1749, 1750, 1751, 1753, 1756, 1757, 1758, 1759, 1760, 1766, 1768, 1769, 1770, 1771, 1773, 1775, 1779, 1784, 1798, 1807, 1808, 1887, 1896, 2600]",Ours-Nested-Intent-Selector,P01,0.4813950753579209
P01,Hands_Men,rule=mean;visual=0.10;diversity=0.20,0.36083819562080444,0.07272727272727272,0.02631578947368421,0.03864734299516908,1.0,0.7818181818181819,0.6804190978104022,"[47, 58, 71, 78, 79, 94, 119, 135, 149, 152, 163, 165, 166, 171, 177, 185, 194, 195, 198, 200, 202, 204, 206, 215, 216, 225, 227, 229, 236, 238, 253, 255, 257, 258, 259, 260, 261, 262, 263, 265, 278, 279, 280, 284, 289, 291, 293, 297, 300, 301, 361, 383, 390, 1241, 1243]",Ours-Nested-Intent-Selector,P01,0.4813950753579209
P01,Hat_Phone,rule=mean;visual=0.10;diversity=0.20,0.456126250798382,0.09090909090909091,0.07462686567164178,0.08196721311475409,0.7636363636363637,0.0,0.6098813072173728,"[22, 181, 258, 316, 319, 320, 459, 686, 688, 707, 714, 716, 877, 981, 989, 990, 1146, 1207, 1314, 1333, 1335, 1336, 1337, 1345, 1346, 1347, 1348, 1350, 1351, 1352, 1353, 1354, 1355, 1356, 1357, 1358, 1360, 1594, 1595, 1599, 1674, 1679, 1852, 1905, 1985, 1986, 2045, 2048, 2058, 2307, 2308, 2309, 2315, 2771, 2782]",Ours-Nested-Intent-Selector,P01,0.4813950753579209
P01,Lady_Boat,rule=mean;visual=0.10;diversity=0.20,0.47217271779315567,0.05454545454545454,0.036585365853658534,0.043795620437956206,0.509090909090909,0.0,0.4906318134420323,"[190, 241, 253, 255, 260, 283, 287, 292, 295, 296, 314, 315, 346, 357, 394, 412, 421, 422, 436, 439, 440, 491, 492, 806, 835, 859, 861, 873, 892, 975, 1035, 1093, 1147, 1151, 1152, 1159, 1208, 1516, 1527, 1594, 1645, 1710, 1721, 1740, 1743, 1755, 1771, 1775, 1785, 1786, 1794, 1798, 1799, 1806, 1808]",Ours-Nested-Intent-Selector,P01,0.4813950753579209
P01,Market_Beach,rule=mean;visual=0.10;diversity=0.20,0.49103302611367133,0.09090909090909091,0.07246376811594203,0.08064516129032258,0.6909090909090909,0.0,0.5909710585113811,"[6, 9, 32, 467, 473, 490, 596, 605, 606, 610, 773, 1310, 1314, 1525, 1555, 1556, 1558, 1569, 1581, 1587, 1589, 1617, 1620, 1658, 1713, 1812, 1813, 1835, 1837, 1838, 1839, 1841, 1843, 1844, 1846, 1848, 1850, 1852, 1861, 1862, 1863, 1865, 1866, 1868, 1869, 1871, 1872, 1873, 1874, 1875, 1876, 1877, 1878, 1880, 1881]",Ours-Nested-Intent-Selector,P01,0.4813950753579209
P01,Men_Room,rule=mean;visual=0.10;diversity=0.20,0.3941232139508001,0.0,0.0,0.0,0.9818181818181818,0.34545454545454546,0.687970697884491,"[315, 334, 381, 402, 404, 410, 421, 635, 636, 666, 691, 784, 806, 903, 904, 908, 925, 930, 936, 953, 956, 959, 972, 975, 1010, 1020, 1021, 1024, 1025, 1027, 1028, 1033, 1036, 1038, 1039, 1041, 1047, 1072, 1093, 1100, 1104, 1110, 1113, 1137, 1159, 1160, 1162, 1163, 1169, 1174, 1186, 1227, 1264, 1287, 1302]",Ours-Nested-Intent-Selector,P01,0.4813950753579209
P01,Office_Chocolate,rule=mean;visual=0.10;diversity=0.20,0.3937349687349687,0.05454545454545454,0.05084745762711865,0.052631578947368425,0.09090909090909091,0.0,0.24232202982202983,"[490, 610, 634, 636, 638, 662, 671, 675, 684, 752, 753, 754, 755, 758, 759, 773, 1310, 1312, 1537, 1547, 1550, 1555, 1556, 1557, 1559, 1567, 1568, 1569, 1581, 1582, 1584, 1589, 1590, 1591, 1602, 1603, 1606, 1658, 1756, 1841, 1850, 1861, 1865, 1866, 1868, 1869, 1871, 1872, 1873, 1874, 1875, 1876, 1877, 2171, 2383]",Ours-Nested-Intent-Selector,P01,0.4813950753579209
P01,Party_Tree,rule=mean;visual=0.10;diversity=0.20,0.3944223930831074,0.12727272727272726,0.12280701754385964,0.125,0.7636363636363637,0.0,0.5790293783597356,"[25, 225, 315, 357, 385, 421, 440, 471, 475, 476, 478, 548, 551, 552, 573, 575, 579, 592, 1367, 1368, 1369, 1371, 1372, 1375, 1376, 1377, 1378, 1381, 1383, 1386, 1388, 1389, 1390, 1391, 1392, 1396, 1399, 1402, 1404, 1405, 1406, 1407, 1408, 1409, 1410, 1411, 1417, 1424, 1458, 1460, 1463, 1468, 1470, 1499, 1521]",Ours-Nested-Intent-Selector,P01,0.4813950753579209
P01,Phone_Sun,rule=mean;visual=0.10;diversity=0.20,0.41918275727799537,0.07272727272727272,0.056338028169014086,0.06349206349206349,0.9454545454545454,0.0,0.6823186513662705,"[319, 320, 686, 688, 689, 706, 714, 716, 717, 725, 727, 728, 733, 996, 997, 1334, 1335, 1336, 1337, 1338, 1339, 1340, 1341, 1342, 1343, 1345, 1346, 1347, 1348, 1349, 1350, 1351, 1352, 1353, 1354, 1355, 1356, 1357, 1358, 1680, 1681, 1900, 1905, 1985, 2058, 2308, 2309, 2315, 2317, 2318, 2529, 2590, 2770, 2774, 2782]",Ours-Nested-Intent-Selector,P01,0.4813950753579209
P01,Room_Garden,rule=mean;visual=0.10;diversity=0.20,0.4055237879864745,0.09090909090909091,0.06329113924050633,0.07462686567164178,0.6727272727272727,0.0,0.5391255303568736,"[470, 473, 481, 1553, 1705, 1729, 1739, 1770, 1900, 1921, 1922, 1923, 1925, 1934, 1940, 1948, 1949, 1951, 1961, 1972, 1983, 1994, 2017, 2018, 2019, 2020, 2186, 2205, 2232, 2332, 2333, 2334, 2348, 2367, 2398, 2399, 2401, 2450, 2465, 2469, 2477, 2481, 2482, 2491, 2497, 2498, 2499, 2500, 2506, 2590, 2600, 2619, 2671, 2752, 2768]",Ours-Nested-Intent-Selector,P01,0.4813950753579209
P01,School_Ocean,rule=mean;visual=0.10;diversity=0.20,0.4514259448776653,0.0,0.0,0.0,0.0,0.0,0.22571297243883265,"[549, 550, 552, 630, 634, 638, 647, 650, 655, 663, 677, 796, 836, 846, 869, 878, 917, 931, 963, 979, 981, 997, 1006, 1023, 1025, 1059, 1063, 1066, 1157, 1180, 1181, 1189, 1261, 1309, 1371, 1372, 1377, 1382, 1384, 1389, 1411, 1439, 1440, 1450, 1452, 1453, 1459, 1460, 1487, 1492, 1514, 1522, 1524, 1535, 1713]",Ours-Nested-Intent-Selector,P01,0.4813950753579209
P01,Shoes_Bed,rule=mean;visual=0.10;diversity=0.20,0.5129312567774106,0.10909090909090909,0.08,0.09230769230769231,0.2,0.0,0.3564656283887053,"[321, 322, 404, 471, 496, 505, 508, 1520, 1559, 1563, 1565, 1567, 1581, 1583, 1589, 1594, 1601, 1639, 1698, 1710, 1714, 1716, 1717, 1718, 1729, 1734, 1743, 1778, 1780, 1782, 1783, 1785, 1786, 1794, 1798, 1800, 1808, 1816, 1884, 1922, 1923, 1948, 1951, 1967, 1982, 1996, 2205, 2264, 2285, 2401, 2481, 2593, 2600, 2619, 2768]",Ours-Nested-Intent-Selector,P01,0.4813950753579209
P01,Sign_Musicalinstrument,rule=mean;visual=0.10;diversity=0.20,0.42984314073023744,0.05454545454545454,0.043478260869565216,0.04838709677419355,0.14545454545454545,0.0,0.28764884309239147,"[481, 564, 752, 753, 755, 756, 757, 758, 759, 760, 1370, 1376, 1377, 1378, 1387, 1416, 1441, 1523, 1533, 1544, 1550, 1841, 1846, 1850, 1852, 1861, 1868, 1869, 1873, 1874, 1875, 1876, 2333, 2402, 2450, 2465, 2466, 2468, 2470, 2474, 2478, 2480, 2483, 2484, 2486, 2491, 2495, 2497, 2498, 2499, 2500, 2506, 2525, 2556, 2557]",Ours-Nested-Intent-Selector,P01,0.4813950753579209
P01,Sky_Street,rule=mean;visual=0.10;diversity=0.20,0.3439996293207303,0.07272727272727272,0.07407407407407407,0.07339449541284403,0.9454545454545454,0.8181818181818182,0.6447270873876378,"[471, 475, 552, 563, 571, 573, 575, 579, 1369, 1371, 1372, 1373, 1375, 1376, 1377, 1378, 1383, 1385, 1387, 1388, 1389, 1390, 1391, 1396, 1399, 1403, 1404, 1405, 1406, 1407, 1408, 1409, 1410, 1411, 1413, 1417, 1420, 1421, 1424, 1427, 1433, 1436, 1437, 1439, 1446, 1458, 1459, 1460, 1462, 1464, 1468, 1469, 1470, 1488, 1500]",Ours-Nested-Intent-Selector,P01,0.4813950753579209
P01,Sky_Student,rule=mean;visual=0.10;diversity=0.20,0.42959503134941746,0.12727272727272726,0.11290322580645161,0.11965811965811965,0.7636363636363637,0.0,0.5966156974928906,"[469, 471, 475, 478, 549, 550, 552, 554, 558, 560, 561, 562, 563, 567, 571, 573, 575, 576, 1365, 1371, 1373, 1376, 1383, 1384, 1388, 1390, 1404, 1410, 1411, 1417, 1418, 1421, 1424, 1436, 1459, 1462, 1467, 1469, 1473, 1483, 1492, 1497, 1499, 1508, 1514, 1515, 1517, 1519, 1521, 1524, 1525, 1526, 1527, 1530, 1537]",Ours-Nested-Intent-Selector,P01,0.4813950753579209
P01,Sky_Tree,rule=mean;visual=0.10;diversity=0.20,0.44215989426073465,0.09090909090909091,0.078125,0.08403361344537816,0.9272727272727272,0.8545454545454545,0.6847163107667309,"[471, 475, 551, 552, 559, 563, 571, 573, 575, 577, 579, 1368, 1369, 1371, 1372, 1373, 1375, 1376, 1377, 1378, 1383, 1385, 1387, 1388, 1389, 1390, 1391, 1396, 1399, 1403, 1404, 1405, 1406, 1407, 1408, 1409, 1410, 1411, 1413, 1417, 1424, 1427, 1436, 1437, 1439, 1458, 1459, 1460, 1462, 1464, 1467, 1468, 1469, 1488, 1517]",Ours-Nested-Intent-Selector,P01,0.4813950753579209
P01,Street_Student,rule=mean;visual=0.10;diversity=0.20,0.45289467190293636,0.09090909090909091,0.07575757575757576,0.08264462809917354,0.7636363636363637,0.0,0.60826551776965,"[469, 471, 475, 476, 477, 478, 480, 481, 550, 552, 554, 558, 559, 560, 561, 562, 563, 567, 570, 571, 573, 575, 576, 1383, 1388, 1390, 1392, 1404, 1411, 1417, 1421, 1424, 1459, 1462, 1467, 1469, 1473, 1492, 1497, 1499, 1508, 1510, 1514, 1515, 1517, 1519, 1521, 1524, 1525, 1526, 1527, 1530, 1535, 1537, 1785]",Ours-Nested-Intent-Selector,P01,0.4813950753579209
P01,Sun_Lake,rule=mean;visual=0.10;diversity=0.20,0.5337109392664948,0.14545454545454545,0.1509433962264151,0.14814814814814814,0.01818181818181818,0.0,0.2759463787241565,"[39, 328, 329, 356, 454, 471, 473, 474, 475, 477, 478, 480, 481, 496, 548, 577, 592, 595, 596, 634, 638, 640, 811, 931, 1369, 1384, 1395, 1413, 1429, 1453, 1485, 1487, 1491, 1508, 1516, 1517, 1519, 1521, 1523, 1524, 1525, 1624, 1629, 1713, 1724, 1729, 1738, 1739, 1743, 1753, 1758, 1759, 1900, 1922, 2590]",Ours-Nested-Intent-Selector,P01,0.4813950753579209
P01,Window_Petsanimal,rule=mean;visual=0.10;diversity=0.20,0.3452547428799033,0.01818181818181818,0.014705882352941176,0.016260162601626018,0.6,0.0,0.47262737143995165,"[468, 1364, 1371, 1372, 1373, 1382, 1383, 1387, 1396, 1406, 1410, 1411, 1416, 1417, 1421, 1422, 1423, 1424, 1425, 1428, 1432, 1433, 1434, 1435, 1436, 1437, 1438, 1439, 1440, 1441, 1442, 1443, 1444, 1445, 1446, 1449, 1450, 1452, 1453, 1454, 1456, 1458, 1459, 1460, 1465, 1468, 1477, 1478, 1483, 1484, 1490, 1499, 1948, 2120, 2205]",Ours-Nested-Intent-Selector,P01,0.4813950753579209
P02,Blonde_Book,rule=mean;visual=0.00;diversity=0.10,0.3875934181904332,0.0,0.0,0.0,0.6027397260273972,0.0,0.49516657210891524,"[218, 1522, 1573, 1574, 2155, 2156, 2179, 2254, 2265, 2360, 2388, 2398, 2399, 2426, 2428, 2434, 2438, 2461, 2468, 2525, 2568, 2571, 2588, 2591, 2593, 2600, 2613, 2616, 2621, 2684, 2710, 2915, 2921, 2987, 2988, 2989, 2990, 2991, 2992, 2993, 2994, 2995, 2996, 2997, 2999, 3001, 3002, 3003, 3005, 3006, 3011, 3012, 3013, 3046, 3068, 3071, 3072, 3073, 3075, 3077, 3082, 3083, 3084, 3086, 3091, 3096, 3097, 3098, 3099, 3258, 3287, 3290, 3293]",Ours-Nested-Intent-Selector,P02,0.49717800530160994
P02,Book_Garden,rule=mean;visual=0.00;diversity=0.10,0.5159399099796449,0.0821917808219178,0.07692307692307693,0.07947019867549669,0.4794520547945205,0.0,0.4976959823870827,"[316, 1521, 1711, 1714, 1718, 1726, 1736, 1738, 1741, 1742, 1743, 1771, 1801, 1802, 1816, 1886, 1896, 2241, 2242, 2254, 2265, 2350, 2360, 2374, 2387, 2398, 2399, 2426, 2428, 2434, 2438, 2456, 2461, 2472, 2525, 2537, 2583, 2591, 2598, 2600, 2604, 2613, 2660, 2661, 2684, 2710, 2768, 2777, 2853, 2987, 2988, 2989, 2991, 2992, 2993, 2995, 2996, 2997, 2999, 3001, 3002, 3003, 3005, 3006, 3011, 3012, 3013, 3071, 3073, 3091, 3098, 3290, 3293]",Ours-Nested-Intent-Selector,P02,0.49717800530160994
P02,Book_Park,rule=mean;visual=0.00;diversity=0.10,0.5186222589670866,0.0273972602739726,0.027777777777777776,0.027586206896551724,0.3150684931506849,0.0,0.4168453760588857,"[58, 94, 95, 106, 107, 108, 112, 114, 115, 117, 216, 231, 1401, 1420, 1655, 1657, 1660, 1671, 1673, 1677, 1706, 1742, 1790, 1794, 1796, 1797, 1801, 1809, 1812, 1823, 1849, 1872, 1983, 2241, 2254, 2350, 2374, 2387, 2398, 2399, 2426, 2428, 2438, 2461, 2525, 2537, 2571, 2583, 2591, 2598, 2604, 2684, 2768, 2777, 2798, 2806, 2857, 2921, 2987, 2988, 2991, 2992, 2993, 2995, 2996, 2999, 3001, 3002, 3003, 3006, 3013, 3091, 3290]",Ours-Nested-Intent-Selector,P02,0.49717800530160994
P02,Building_Boat,rule=mean;visual=0.00;diversity=0.10,0.5886599096179933,0.0273972602739726,0.02127659574468085,0.02395209580838323,0.6164383561643836,0.0,0.6025491328911885,"[15, 52, 276, 280, 291, 346, 351, 358, 366, 399, 401, 1401, 1647, 1648, 1659, 1661, 1662, 1672, 1674, 1676, 1677, 1680, 1689, 1699, 1727, 1743, 1750, 1752, 1753, 1755, 1757, 1758, 1764, 1775, 1781, 1793, 1807, 1809, 1810, 1812, 1817, 1818, 1821, 1826, 1831, 1836, 1847, 1855, 1864, 1872, 1891, 1893, 1895, 1898, 1899, 1900, 1920, 1921, 1922, 1923, 1924, 1928, 1930, 1963, 1980, 1981, 1983, 1984, 1988, 2011, 2033, 2077, 3238]",Ours-Nested-Intent-Selector,P02,0.49717800530160994
P02,Building_Food,rule=mean;visual=0.00;diversity=0.10,0.3909333554739442,0.0684931506849315,0.1111111111111111,0.0847457627118644,0.8493150684931506,0.0821917808219178,0.6201242119835474,"[72, 75, 78, 95, 101, 107, 108, 114, 124, 127, 136, 139, 142, 144, 145, 146, 147, 148, 149, 150, 151, 158, 159, 162, 166, 168, 169, 170, 172, 173, 175, 177, 180, 182, 183, 184, 186, 189, 190, 192, 193, 194, 196, 197, 198, 205, 207, 208, 212, 215, 729, 744, 900, 937, 1400, 1453, 1661, 1680, 1718, 1743, 1745, 1750, 1752, 1755, 1757, 1821, 1827, 1878, 1893, 1940, 1963, 1971, 3195]",Ours-Nested-Intent-Selector,P02,0.49717800530160994
P02,Car_School,rule=mean;visual=0.00;diversity=0.10,0.4588245904422375,0.0410958904109589,0.047619047619047616,0.04411764705882353,0.9726027397260274,0.0,0.7157136650841325,"[13, 14, 16, 17, 19, 22, 28, 36, 42, 44, 230, 239, 243, 245, 246, 251, 279, 282, 284, 286, 287, 289, 292, 293, 294, 295, 296, 298, 299, 300, 319, 324, 339, 344, 351, 358, 359, 360, 371, 372, 378, 379, 380, 383, 385, 388, 389, 934, 1096, 1699, 1997, 2006, 2007, 2011, 2013, 2014, 2018, 2019, 2020, 2027, 2028, 2031, 2033, 2034, 2035, 2075, 2077, 2078, 2083, 2085, 2088, 2089, 2107]",Ours-Nested-Intent-Selector,P02,0.49717800530160994
P02,Chair_Hall,rule=mean;visual=0.00;diversity=0.10,0.36870822510822515,0.0136986301369863,0.019230769230769232,0.016,0.5068493150684932,0.0273972602739726,0.4377787700883592,"[484, 525, 536, 539, 572, 591, 607, 612, 630, 631, 639, 667, 670, 679, 684, 701, 702, 706, 707, 710, 794, 836, 838, 865, 911, 934, 960, 971, 981, 992, 1001, 1061, 1100, 1102, 1114, 1115, 1117, 1121, 1122, 1124, 1128, 1140, 1144, 1149, 1151, 1161, 1162, 1176, 1186, 1191, 1197, 1212, 1214, 1221, 1222, 1238, 1241, 1243, 1256, 1277, 1287, 1290, 1291, 1299, 1302, 1306, 1336, 1348, 1378, 1485, 1564, 1633, 2135]",Ours-Nested-Intent-Selector,P02,0.49717800530160994
P02,Chair_Men,rule=mean;visual=0.00;diversity=0.10,0.4682313727881251,0.0273972602739726,0.028985507246376812,0.02816901408450704,1.0,0.5205479452054794,0.7341156863940625,"[525, 529, 538, 539, 572, 610, 612, 639, 656, 658, 669, 670, 684, 689, 690, 691, 701, 702, 757, 778, 791, 797, 838, 865, 906, 911, 919, 928, 943, 962, 965, 968, 971, 981, 986, 992, 994, 1001, 1021, 1059, 1069, 1100, 1107, 1120, 1121, 1136, 1144, 1151, 1160, 1161, 1162, 1171, 1187, 1191, 1197, 1212, 1241, 1277, 1278, 1299, 1306, 1309, 1323, 1324, 1327, 1336, 1339, 1346, 1347, 1348, 1349, 1364, 1382]",Ours-Nested-Intent-Selector,P02,0.49717800530160994
P02,Computer_Kids,rule=mean;visual=0.00;diversity=0.10,0.3952259019290482,0.0273972602739726,0.03571428571428571,0.031007751937984496,0.273972602739726,0.0,0.33459925233438714,"[158, 163, 185, 200, 202, 203, 211, 409, 410, 411, 482, 491, 504, 513, 537, 547, 550, 562, 571, 694, 789, 818, 843, 876, 888, 916, 960, 1013, 1014, 1062, 1094, 1096, 1097, 1098, 1116, 1134, 1165, 1178, 1182, 1183, 1184, 1185, 1186, 1214, 1216, 1248, 1252, 1291, 1293, 1308, 1370, 1466, 2516, 2836, 2847, 2849, 2871, 2872, 2876, 2877, 2886, 2928, 2929, 2947, 2949, 2956, 2963, 2970, 3026, 3027, 3034, 3053, 3057]",Ours-Nested-Intent-Selector,P02,0.49717800530160994
P02,Computer_Park,rule=mean;visual=0.00;diversity=0.10,0.3960291781187303,0.0,0.0,0.0,0.5616438356164384,0.0,0.47883650686758433,"[58, 91, 94, 107, 108, 112, 115, 405, 1420, 1655, 1658, 1670, 1673, 1677, 1706, 1710, 1742, 1790, 1796, 1872, 2833, 2836, 2838, 2842, 2846, 2847, 2848, 2849, 2856, 2857, 2858, 2860, 2863, 2865, 2866, 2871, 2872, 2875, 2876, 2886, 2927, 2928, 2929, 2930, 2947, 2949, 2955, 2956, 2957, 2958, 2959, 2960, 2961, 2963, 2970, 2973, 2974, 3015, 3025, 3026, 3027, 3028, 3031, 3033, 3034, 3035, 3036, 3037, 3040, 3045, 3053, 3057, 3059]",Ours-Nested-Intent-Selector,P02,0.49717800530160994
P02,Computer_Shoes,rule=mean;visual=0.00;diversity=0.10,0.35330097073794553,0.0136986301369863,0.014925373134328358,0.014285714285714285,0.6438356164383562,0.0,0.49856829358815086,"[1457, 1533, 1607, 1611, 1615, 1617, 2358, 2531, 2810, 2813, 2821, 2824, 2825, 2833, 2835, 2836, 2837, 2838, 2839, 2842, 2845, 2846, 2847, 2848, 2849, 2854, 2860, 2861, 2862, 2863, 2865, 2866, 2871, 2872, 2875, 2876, 2877, 2883, 2886, 2928, 2929, 2930, 2931, 2932, 2933, 2936, 2947, 2949, 2950, 2951, 2955, 2956, 2957, 2960, 2961, 2963, 2970, 2973, 3015, 3026, 3027, 3028, 3034, 3036, 3037, 3040, 3041, 3042, 3045, 3053, 3054, 3060, 3090]",Ours-Nested-Intent-Selector,P02,0.49717800530160994
P02,Cupglass_Room,rule=mean;visual=0.00;diversity=0.10,0.4066084656084655,0.0410958904109589,0.03896103896103896,0.04,1.0,0.6301369863013698,0.7033042328042327,"[1502, 1532, 1546, 1568, 1573, 1586, 1588, 1610, 1631, 1633, 2181, 2226, 3320, 3338, 3342, 3349, 3353, 3370, 3373, 3381, 3384, 3387, 3389, 3392, 3395, 3404, 3411, 3414, 3419, 3423, 3435, 3438, 3441, 3442, 3448, 3454, 3455, 3457, 3458, 3459, 3460, 3461, 3463, 3466, 3467, 3468, 3479, 3490, 3495, 3500, 3504, 3515, 3518, 3525, 3526, 3527, 3536, 3537, 3542, 3543, 3574, 3602, 3603, 3604, 3608, 3609, 3611, 3638, 3646, 3648, 3660, 3667, 3672]",Ours-Nested-Intent-Selector,P02,0.49717800530160994
P02,Desk_Hands,rule=mean;visual=0.00;diversity=0.10,0.5108551220253348,0.0410958904109589,0.04411764705882353,0.0425531914893617,0.9041095890410958,0.3424657534246575,0.7074823555332153,"[529, 530, 539, 542, 557, 560, 583, 610, 642, 659, 676, 691, 693, 701, 702, 748, 761, 774, 775, 778, 783, 784, 806, 821, 857, 867, 874, 910, 928, 943, 952, 958, 967, 992, 1029, 1059, 1135, 1136, 1160, 1187, 1191, 1280, 1318, 1323, 1324, 1327, 1328, 1339, 1344, 1346, 1347, 1348, 1357, 1362, 1366, 1371, 1376, 1483, 1559, 1561, 1582, 2486, 2602, 2684, 2741, 2768, 3127, 3128, 3221, 3246, 3288, 3290, 3293]",Ours-Nested-Intent-Selector,P02,0.49717800530160994
P02,Drink_Hands,rule=mean;visual=0.00;diversity=0.10,0.4214783493853263,0.0273972602739726,0.03571428571428571,0.031007751937984496,0.8356164383561644,0.2876712328767123,0.6285473938707453,"[584, 624, 636, 655, 661, 662, 682, 690, 718, 723, 727, 728, 733, 734, 737, 742, 764, 775, 777, 782, 783, 784, 809, 813, 815, 821, 822, 826, 829, 830, 833, 847, 848, 849, 860, 861, 863, 864, 885, 893, 925, 927, 943, 949, 951, 952, 958, 962, 967, 969, 992, 993, 997, 1029, 1057, 1087, 1120, 1135, 1136, 1137, 1159, 1280, 1318, 1319, 1344, 1359, 1362, 1366, 1371, 1375, 1376, 1379, 1384]",Ours-Nested-Intent-Selector,P02,0.49717800530160994
P02,Drink_Park,rule=mean;visual=0.00;diversity=0.10,0.481296234207193,0.0273972602739726,0.0273972602739726,0.0273972602739726,0.2054794520547945,0.0,0.34338784313099374,"[75, 78, 91, 95, 101, 103, 106, 107, 108, 112, 113, 114, 115, 119, 120, 124, 126, 136, 142, 144, 147, 149, 158, 169, 170, 175, 178, 180, 185, 191, 192, 193, 194, 196, 197, 198, 202, 204, 205, 215, 398, 405, 621, 636, 644, 727, 861, 862, 868, 1067, 1075, 1087, 1177, 1306, 1398, 1420, 1655, 1657, 1658, 1664, 1670, 1671, 1677, 1680, 1706, 1710, 1714, 1742, 1743, 1790, 1796, 1803, 1973]",Ours-Nested-Intent-Selector,P02,0.49717800530160994
P02,Drink_Room,rule=mean;visual=0.00;diversity=0.10,0.4569784536451204,0.0410958904109589,0.04838709677419355,0.044444444444444446,0.684931506849315,0.1643835616438356,0.5709549802472177,"[502, 525, 537, 538, 547, 548, 584, 590, 621, 628, 639, 644, 655, 657, 658, 662, 663, 664, 674, 689, 690, 780, 797, 830, 857, 861, 943, 956, 1014, 1025, 1030, 1046, 1067, 1073, 1075, 1078, 1106, 1124, 1135, 1136, 1137, 1145, 1164, 1174, 1177, 1179, 1180, 1186, 1200, 1229, 1233, 1234, 1241, 1242, 1252, 1255, 1259, 1286, 1287, 1295, 1306, 1308, 1309, 1323, 1335, 1546, 1558, 1562, 1568, 1588, 1633, 2181, 2241]",Ours-Nested-Intent-Selector,P02,0.49717800530160994
P02,Face_Baby,rule=mean;visual=0.00;diversity=0.10,0.4619235891446846,0.0410958904109589,0.041666666666666664,0.04137931034482759,0.4246575342465753,0.0,0.44329056169562997,"[506, 525, 529, 535, 554, 556, 567, 593, 600, 601, 602, 608, 610, 621, 622, 628, 630, 639, 657, 658, 660, 661, 669, 677, 680, 685, 686, 690, 695, 700, 757, 772, 796, 797, 826, 865, 872, 896, 906, 911, 920, 928, 943, 950, 960, 968, 969, 986, 994, 1044, 1067, 1068, 1120, 1121, 1145, 1177, 1212, 1216, 1259, 1271, 1276, 1277, 1279, 1280, 1287, 1290, 1291, 1312, 1323, 1327, 1335, 1336, 1347]",Ours-Nested-Intent-Selector,P02,0.49717800530160994
P02,Face_Food,rule=mean;visual=0.00;diversity=0.10,0.4031969091129398,0.0547945205479452,0.06896551724137931,0.061068702290076333,0.9726027397260274,0.3424657534246575,0.6878998244194836,"[720, 722, 723, 724, 727, 728, 733, 736, 737, 739, 746, 756, 757, 760, 761, 762, 764, 767, 775, 777, 783, 784, 809, 811, 812, 813, 814, 815, 816, 819, 821, 822, 826, 829, 830, 833, 846, 847, 848, 849, 860, 861, 862, 863, 864, 882, 885, 900, 927, 928, 943, 945, 951, 952, 962, 969, 993, 1029, 1085, 1086, 1087, 1135, 1136, 1159, 1194, 1272, 1298, 1319, 1344, 1359, 1366, 1375, 1384]",Ours-Nested-Intent-Selector,P02,0.49717800530160994
P02,Face_Lady,rule=mean;visual=0.00;diversity=0.10,0.4176996766412826,0.0273972602739726,0.03125,0.029197080291970802,0.726027397260274,0.1917808219178082,0.5718635369507783,"[158, 203, 677, 685, 757, 762, 763, 791, 793, 797, 838, 851, 863, 864, 906, 918, 928, 939, 943, 953, 960, 962, 968, 971, 973, 974, 986, 987, 991, 992, 1001, 1006, 1042, 1045, 1059, 1065, 1067, 1100, 1101, 1102, 1119, 1122, 1134, 1138, 1140, 1144, 1149, 1151, 1159, 1162, 1169, 1171, 1176, 1177, 1212, 1216, 1221, 1222, 1248, 1271, 1276, 1277, 1278, 1279, 1290, 1291, 1310, 1336, 1346, 1347, 1349, 1364, 1382]",Ours-Nested-Intent-Selector,P02,0.49717800530160994
P02,Flower_Student,rule=mean;visual=0.00;diversity=0.10,0.2551215728955159,0.0,0.0,0.0,0.0410958904109589,0.0,0.1481087316532374,"[136, 203, 218, 411, 482, 483, 506, 510, 520, 532, 593, 601, 604, 606, 628, 630, 651, 679, 680, 686, 707, 838, 887, 888, 920, 934, 942, 955, 960, 1018, 1051, 1062, 1076, 1098, 1100, 1101, 1102, 1106, 1116, 1122, 1128, 1134, 1140, 1151, 1161, 1168, 1176, 1196, 1200, 1216, 1218, 1221, 1222, 1233, 1238, 1243, 1248, 1252, 1271, 1275, 1277, 1279, 1280, 1290, 1291, 1295, 1308, 1312, 1342, 1347, 1351, 1367, 1381]",Ours-Nested-Intent-Selector,P02,0.49717800530160994
P02,Food_Men,rule=mean;visual=0.00;diversity=0.10,0.3737871052831683,0.0273972602739726,0.037037037037037035,0.031496062992125984,1.0,0.9315068493150684,0.6868935526415841,"[147, 149, 158, 690, 722, 723, 727, 728, 733, 737, 739, 748, 757, 758, 761, 762, 764, 767, 772, 775, 777, 783, 784, 804, 809, 811, 812, 814, 816, 819, 821, 826, 829, 830, 847, 848, 860, 861, 863, 882, 928, 939, 943, 945, 952, 962, 967, 969, 987, 993, 995, 996, 1029, 1045, 1059, 1087, 1159, 1250, 1272, 1280, 1298, 1318, 1319, 1344, 1358, 1359, 1364, 1366, 1374, 1376, 1382, 1384, 1391]",Ours-Nested-Intent-Selector,P02,0.49717800530160994
P02,Garden_Party,rule=mean;visual=0.00;diversity=0.10,0.5971225655043885,0.0684931506849315,0.0684931506849315,0.0684931506849315,0.136986301369863,0.0,0.36705443343712574,"[38, 62, 91, 95, 101, 108, 113, 114, 119, 121, 136, 144, 158, 164, 170, 178, 180, 197, 202, 205, 207, 218, 353, 410, 636, 645, 662, 663, 690, 728, 856, 968, 1075, 1087, 1136, 1137, 1298, 1306, 1309, 1366, 1384, 1400, 1420, 1680, 1690, 1706, 1707, 1710, 1713, 1714, 1717, 1718, 1721, 1724, 1726, 1729, 1730, 1741, 1742, 1743, 1752, 1754, 1771, 1796, 1801, 1846, 1853, 1885, 1930, 1952, 1971, 1972, 1973]",Ours-Nested-Intent-Selector,P02,0.49717800530160994
P02,Garden_Phone,rule=mean;visual=0.00;diversity=0.10,0.4386991085889495,0.0273972602739726,0.03571428571428571,0.031007751937984496,0.136986301369863,0.0,0.2878427049794062,"[38, 62, 91, 219, 224, 264, 319, 323, 329, 331, 402, 1409, 1420, 1457, 1613, 1615, 1617, 1674, 1675, 1690, 1694, 1705, 1708, 1709, 1710, 1713, 1714, 1715, 1716, 1717, 1718, 1719, 1721, 1723, 1724, 1725, 1726, 1730, 1731, 1733, 1736, 1741, 1742, 1743, 1751, 1753, 1772, 1773, 1790, 1795, 1796, 1800, 1801, 1803, 1814, 1817, 1851, 1853, 1859, 1864, 1865, 1872, 1885, 1891, 1920, 1932, 1935, 1943, 1952, 1953, 2537, 2608, 2810]",Ours-Nested-Intent-Selector,P02,0.49717800530160994
P02,Grass_Bed,rule=mean;visual=0.00;diversity=0.10,0.3602642971064024,0.0410958904109589,0.05,0.045112781954887216,0.136986301369863,0.0,0.2486252992381327,"[14, 17, 18, 22, 30, 34, 35, 37, 46, 250, 254, 262, 263, 264, 270, 272, 277, 295, 298, 299, 300, 310, 319, 323, 326, 329, 331, 332, 333, 335, 336, 343, 345, 346, 353, 1659, 1681, 1693, 1708, 1717, 1725, 1726, 1727, 1732, 1736, 1742, 1743, 1793, 1803, 1808, 1817, 1826, 1853, 1864, 1865, 1875, 1885, 1891, 2002, 2042, 2046, 2048, 2049, 2052, 2058, 2059, 2060, 2061, 2066, 2070, 2072, 2074, 2106]",Ours-Nested-Intent-Selector,P02,0.49717800530160994
P02,Hall_Park,rule=mean;visual=0.00;diversity=0.10,0.4422649969078541,0.0136986301369863,0.014925373134328358,0.014285714285714285,0.1095890410958904,0.0,0.2759270190018722,"[91, 95, 102, 103, 106, 107, 112, 113, 114, 120, 121, 203, 204, 213, 405, 482, 512, 513, 631, 869, 876, 916, 921, 1001, 1040, 1062, 1098, 1134, 1140, 1149, 1151, 1176, 1178, 1257, 1290, 1386, 1420, 1514, 1515, 1655, 1658, 1660, 1666, 1670, 1671, 1673, 1674, 1677, 1680, 1705, 1706, 1714, 1742, 1772, 1780, 1790, 1793, 1794, 1795, 1796, 1797, 1801, 1878, 1957, 1961, 1963, 1973, 1980, 1984, 2119, 2169, 2855, 3366]",Ours-Nested-Intent-Selector,P02,0.49717800530160994
P02,Hands_Lady,rule=mean;visual=0.00;diversity=0.10,0.48068881232146543,0.0,0.0,0.0,0.863013698630137,0.2602739726027397,0.6718512554758012,"[202, 203, 528, 659, 676, 677, 685, 701, 702, 757, 763, 772, 774, 775, 784, 797, 798, 810, 812, 814, 819, 821, 840, 851, 863, 866, 874, 877, 882, 906, 943, 967, 968, 973, 974, 992, 993, 1001, 1006, 1007, 1022, 1029, 1045, 1059, 1065, 1100, 1102, 1111, 1119, 1122, 1134, 1135, 1138, 1149, 1151, 1160, 1197, 1212, 1216, 1237, 1267, 1271, 1272, 1279, 1280, 1291, 1312, 1318, 1324, 1327, 1328, 1347, 1366]",Ours-Nested-Intent-Selector,P02,0.49717800530160994
P02,Hands_Men,rule=mean;visual=0.00;diversity=0.10,0.4177994227994229,0.0,0.0,0.0,1.0,0.6986301369863014,0.7088997113997114,"[525, 539, 612, 636, 661, 685, 690, 691, 701, 702, 728, 748, 757, 758, 761, 772, 774, 775, 784, 798, 806, 809, 811, 814, 819, 821, 829, 848, 860, 863, 865, 874, 882, 906, 928, 943, 952, 958, 962, 969, 971, 986, 992, 993, 996, 997, 1022, 1059, 1065, 1119, 1120, 1135, 1136, 1138, 1159, 1160, 1171, 1271, 1280, 1318, 1324, 1327, 1339, 1344, 1346, 1347, 1348, 1349, 1357, 1362, 1366, 1371, 1374]",Ours-Nested-Intent-Selector,P02,0.49717800530160994
P02,Hands_Tree,rule=mean;visual=0.00;diversity=0.10,0.45017874752322484,0.0410958904109589,0.045454545454545456,0.043165467625899276,0.8356164383561644,0.1095890410958904,0.6428975929396946,"[17, 21, 36, 47, 58, 79, 92, 94, 108, 243, 261, 270, 298, 323, 353, 358, 368, 399, 401, 1401, 1484, 1648, 1649, 1661, 1662, 1665, 1669, 1699, 1704, 1727, 1733, 1736, 1739, 1743, 1757, 1771, 1793, 1798, 1802, 1806, 1808, 1810, 1811, 1812, 1813, 1819, 1821, 1823, 1827, 1830, 1847, 1865, 1885, 1887, 1891, 1898, 1920, 1933, 1952, 1995, 2011, 2025, 2026, 2058, 2059, 2060, 2064, 2085, 2095, 2098, 2100, 2105, 2112]",Ours-Nested-Intent-Selector,P02,0.49717800530160994
P02,Kids_Ocean,rule=mean;visual=0.00;diversity=0.10,0.5077614461335391,0.0410958904109589,0.05357142857142857,0.046511627906976744,0.136986301369863,0.0,0.32237387375170107,"[74, 99, 104, 119, 122, 136, 144, 145, 146, 151, 153, 158, 160, 163, 165, 171, 176, 178, 180, 185, 186, 187, 188, 191, 199, 200, 202, 203, 209, 211, 212, 268, 339, 343, 345, 351, 410, 411, 506, 510, 854, 869, 876, 888, 968, 974, 1051, 1062, 1089, 1091, 1096, 1098, 1165, 1198, 1215, 1288, 1291, 1308, 1351, 1689, 1912, 1922, 1930, 1952, 1962, 2014, 2020, 2027, 2031, 2033, 2045, 2046, 2048]",Ours-Nested-Intent-Selector,P02,0.49717800530160994
P02,Kids_Office,rule=mean;visual=0.00;diversity=0.10,0.3050036302878407,0.0273972602739726,0.038461538461538464,0.032,0.0136986301369863,0.0,0.1593511302124135,"[203, 410, 411, 482, 487, 491, 506, 507, 510, 513, 518, 546, 547, 550, 562, 577, 591, 613, 672, 694, 698, 854, 856, 869, 876, 886, 887, 916, 966, 974, 1000, 1001, 1003, 1013, 1014, 1024, 1036, 1039, 1051, 1062, 1068, 1073, 1094, 1095, 1096, 1097, 1098, 1116, 1134, 1149, 1165, 1169, 1170, 1176, 1178, 1182, 1183, 1185, 1189, 1209, 1216, 1257, 1258, 1265, 1270, 1287, 1293, 1305, 1312, 1342, 1351, 1378, 1430]",Ours-Nested-Intent-Selector,P02,0.49717800530160994
P02,Lady_Street,rule=mean;visual=0.00;diversity=0.10,0.5428209135917047,0.1643835616438356,0.16666666666666666,0.16551724137931037,1.0,0.273972602739726,0.7714104567958524,"[28, 48, 62, 89, 91, 95, 104, 106, 114, 119, 122, 136, 178, 191, 202, 203, 209, 211, 212, 218, 220, 251, 280, 318, 319, 371, 399, 406, 1399, 1416, 1649, 1683, 1689, 1690, 1699, 1704, 1728, 1752, 1757, 1778, 1785, 1787, 1788, 1795, 1796, 1797, 1801, 1802, 1810, 1812, 1849, 1891, 1898, 1920, 1921, 1922, 1929, 1930, 1933, 1941, 1952, 1963, 1964, 1973, 1974, 1975, 1984, 2011, 2033, 2035, 2055, 2088, 2091]",Ours-Nested-Intent-Selector,P02,0.49717800530160994
P02,Market_Ocean,rule=mean;visual=0.00;diversity=0.10,0.5199816766980946,0.0958904109589041,0.11475409836065574,0.10447761194029849,0.410958904109589,0.0,0.4654702904038418,"[74, 104, 118, 119, 142, 144, 145, 146, 156, 157, 158, 160, 161, 162, 163, 165, 166, 169, 170, 171, 172, 176, 186, 188, 190, 195, 200, 202, 207, 209, 212, 213, 214, 215, 262, 298, 339, 343, 345, 351, 411, 616, 625, 705, 1437, 1508, 1758, 1781, 1855, 1906, 1907, 1908, 1909, 1912, 1914, 1922, 1930, 1999, 2000, 2004, 2006, 2007, 2013, 2014, 2020, 2027, 2031, 2036, 2045, 2046, 2048, 2067, 2516]",Ours-Nested-Intent-Selector,P02,0.49717800530160994
P02,Men_Bed,rule=mean;visual=0.00;diversity=0.10,0.45733656108511916,0.0136986301369863,0.0125,0.013071895424836602,0.9315068493150684,0.0,0.6944217052000938,"[158, 536, 538, 539, 540, 612, 639, 649, 656, 657, 658, 689, 718, 739, 757, 775, 824, 830, 832, 838, 839, 880, 906, 911, 928, 938, 939, 943, 953, 962, 965, 969, 976, 981, 992, 996, 1008, 1023, 1042, 1069, 1122, 1144, 1149, 1159, 1162, 1191, 1197, 1213, 1219, 1221, 1271, 1276, 1277, 1278, 1298, 1306, 1318, 1323, 1339, 1348, 1357, 1358, 1359, 1374, 1382, 1391, 1531, 1632, 1633, 2135, 2395, 2546, 3369]",Ours-Nested-Intent-Selector,P02,0.49717800530160994
P02,Office_Shoes,rule=mean;visual=0.00;diversity=0.10,0.39276755972908134,0.0136986301369863,0.016666666666666666,0.015037593984962405,0.0547945205479452,0.0,0.22378104013851327,"[122, 442, 474, 479, 481, 482, 510, 546, 832, 869, 921, 1054, 1062, 1072, 1093, 1116, 1183, 1185, 1189, 1209, 1257, 1393, 1394, 1425, 1426, 1427, 1428, 1429, 1430, 1438, 1444, 1446, 1502, 1514, 1515, 1522, 1533, 1564, 1607, 1611, 1615, 1617, 1633, 1638, 1639, 2130, 2132, 2232, 2347, 2358, 2361, 2511, 2516, 2531, 2836, 2855, 2860, 2914, 2924, 2955, 3015, 3053, 3314, 3322, 3324, 3338, 3347, 3355, 3357, 3365, 3369, 3557, 3618]",Ours-Nested-Intent-Selector,P02,0.49717800530160994
P02,Park_Bed,rule=mean;visual=0.00;diversity=0.10,0.39106431346431336,0.0547945205479452,0.07692307692307693,0.064,0.0958904109589041,0.0,0.24347736221160873,"[58, 91, 94, 106, 114, 219, 271, 331, 335, 346, 401, 405, 1401, 1406, 1410, 1420, 1647, 1648, 1650, 1655, 1659, 1666, 1668, 1670, 1671, 1672, 1673, 1674, 1677, 1680, 1681, 1689, 1706, 1710, 1715, 1719, 1727, 1742, 1772, 1779, 1788, 1790, 1793, 1794, 1795, 1797, 1800, 1801, 1803, 1806, 1808, 1811, 1812, 1813, 1814, 1817, 1823, 1826, 1853, 1864, 1872, 1875, 1885, 1903, 1980, 1981, 1982, 1983, 2124, 2135, 2169, 2546, 3336]",Ours-Nested-Intent-Selector,P02,0.49717800530160994
P02,Park_Room,rule=mean;visual=0.00;diversity=0.10,0.5406103156103155,0.0410958904109589,0.03614457831325301,0.03846153846153846,0.6438356164383562,0.0,0.5922229660243359,"[94, 108, 112, 405, 1410, 1420, 1655, 1658, 1666, 1670, 1671, 1673, 1675, 1677, 1790, 1794, 1872, 1893, 1980, 1983, 2131, 2134, 2135, 2141, 2143, 2147, 2156, 2165, 2166, 2178, 2181, 2182, 2189, 2193, 2232, 2240, 2241, 2242, 2244, 2784, 2812, 2817, 2820, 2821, 2828, 2829, 2830, 2855, 2857, 2929, 2932, 2968, 2975, 3008, 3009, 3028, 3030, 3035, 3040, 3041, 3042, 3046, 3048, 3055, 3089, 3149, 3321, 3331, 3336, 3338, 3355, 3369, 3374]",Ours-Nested-Intent-Selector,P02,0.49717800530160994
P02,Party_Phone,rule=mean;visual=0.00;diversity=0.10,0.32708719851577,0.0136986301369863,0.021739130434782608,0.01680672268907563,0.1232876712328767,0.0,0.22518743487432336,"[158, 502, 525, 535, 537, 547, 584, 636, 655, 656, 658, 674, 676, 689, 690, 728, 775, 826, 845, 856, 857, 861, 896, 902, 911, 968, 985, 994, 1014, 1016, 1022, 1025, 1067, 1069, 1075, 1091, 1095, 1096, 1097, 1106, 1132, 1136, 1137, 1145, 1165, 1170, 1177, 1179, 1180, 1182, 1198, 1215, 1228, 1252, 1255, 1259, 1271, 1279, 1280, 1286, 1287, 1288, 1294, 1299, 1306, 1308, 1309, 1323, 1335, 1337, 1338, 1359, 1371]",Ours-Nested-Intent-Selector,P02,0.49717800530160994
P02,Phone_Lake,rule=mean;visual=0.00;diversity=0.10,0.30799911750324965,0.0,0.0,0.0,0.0136986301369863,0.0,0.16084887382011798,"[65, 158, 165, 187, 205, 218, 402, 510, 535, 572, 837, 942, 1001, 1015, 1116, 1197, 1275, 1325, 1343, 1438, 1456, 1613, 1615, 1617, 2187, 2247, 2257, 2269, 2275, 2296, 2304, 2311, 2315, 2328, 2331, 2345, 2348, 2363, 2382, 2397, 2408, 2449, 2467, 2470, 2471, 2473, 2497, 2505, 2507, 2509, 2521, 2522, 2535, 2565, 2567, 2572, 2577, 2582, 2587, 2590, 2592, 2596, 2601, 2608, 2619, 2657, 2691, 2693, 2695, 2699, 2701, 2727, 2810]",Ours-Nested-Intent-Selector,P02,0.49717800530160994
P02,Room_Boat,rule=mean;visual=0.00;diversity=0.10,0.41562322812322805,0.0136986301369863,0.013333333333333334,0.013513513513513513,0.7671232876712328,0.0,0.5913732578972304,"[2142, 2157, 2177, 2241, 2591, 2812, 2813, 2816, 2817, 2819, 2820, 2824, 2880, 2928, 2929, 2932, 2933, 2940, 2942, 2950, 2957, 2961, 2964, 2965, 2971, 2972, 2977, 2978, 2987, 2988, 3003, 3013, 3019, 3024, 3026, 3027, 3028, 3030, 3033, 3035, 3036, 3041, 3042, 3044, 3046, 3054, 3058, 3060, 3065, 3066, 3077, 3094, 3095, 3098, 3122, 3128, 3150, 3171, 3180, 3183, 3184, 3205, 3206, 3213, 3222, 3238, 3239, 3253, 3258, 3283, 3290, 3315, 3336]",Ours-Nested-Intent-Selector,P02,0.49717800530160994
P02,Sign_Petsanimal,rule=mean;visual=0.00;diversity=0.10,0.47647025339333016,0.0273972602739726,0.024096385542168676,0.02564102564102564,0.0684931506849315,0.0,0.2724817020391308,"[14, 17, 23, 29, 31, 36, 37, 40, 45, 242, 258, 262, 268, 269, 277, 278, 279, 285, 286, 292, 293, 295, 296, 298, 299, 300, 302, 308, 319, 324, 326, 329, 332, 333, 334, 342, 343, 358, 359, 360, 363, 366, 367, 379, 380, 385, 389, 1922, 1926, 2005, 2006, 2007, 2011, 2012, 2031, 2036, 2048, 2049, 2059, 2071, 2075, 2079, 2082, 2085, 2088, 2092, 2093, 2094, 2096, 2101, 2103, 2105, 2106]",Ours-Nested-Intent-Selector,P02,0.49717800530160994
P02,Sky_Dance,rule=mean;visual=0.00;diversity=0.10,0.6122857818509992,0.0821917808219178,0.06818181818181818,0.07453416149068322,0.8904109589041096,0.0,0.7513483703775544,"[17, 20, 23, 29, 32, 33, 34, 36, 40, 50, 62, 89, 212, 265, 287, 298, 302, 303, 308, 316, 317, 326, 332, 336, 338, 343, 344, 359, 360, 366, 368, 379, 399, 401, 402, 406, 1681, 1819, 1821, 1823, 1824, 1826, 1829, 1831, 1844, 1863, 1890, 1891, 1892, 1899, 1922, 1930, 1931, 1933, 1936, 1939, 2006, 2007, 2011, 2014, 2027, 2028, 2031, 2032, 2034, 2035, 2049, 2075, 2077, 2080, 2088, 2092, 2103]",Ours-Nested-Intent-Selector,P02,0.49717800530160994
P02,Street_School,rule=mean;visual=0.00;diversity=0.10,0.40630149420472,0.0136986301369863,0.0196078431372549,0.016129032258064516,0.8767123287671232,0.0,0.6415069114859216,"[14, 17, 18, 19, 22, 26, 28, 33, 34, 36, 39, 44, 218, 243, 245, 246, 251, 252, 261, 263, 270, 279, 295, 296, 298, 299, 300, 318, 319, 320, 324, 335, 344, 358, 368, 371, 372, 379, 388, 406, 934, 1096, 1176, 1699, 1753, 1762, 1809, 1810, 1812, 1865, 1867, 1933, 1964, 2011, 2013, 2019, 2020, 2027, 2028, 2031, 2033, 2034, 2035, 2055, 2061, 2085, 2086, 2087, 2088, 2089, 2091, 2092, 2112]",Ours-Nested-Intent-Selector,P02,0.49717800530160994
P02,Street_Window,rule=mean;visual=0.00;diversity=0.10,0.5054768463859373,0.0821917808219178,0.08571428571428572,0.0839160839160839,0.9452054794520548,0.3698630136986301,0.7253411629189961,"[14, 17, 20, 22, 29, 30, 32, 33, 34, 36, 39, 40, 44, 242, 251, 262, 263, 265, 270, 277, 279, 285, 293, 295, 296, 298, 299, 300, 302, 313, 319, 320, 323, 324, 326, 329, 332, 333, 342, 343, 344, 351, 353, 358, 366, 367, 368, 372, 379, 389, 1699, 2005, 2006, 2009, 2011, 2012, 2013, 2027, 2028, 2033, 2036, 2047, 2048, 2055, 2059, 2071, 2077, 2085, 2088, 2091, 2101, 2103, 2107]",Ours-Nested-Intent-Selector,P02,0.49717800530160994
P02,Sun_Ocean,rule=mean;visual=0.00;diversity=0.10,0.3915437860750361,0.0,0.0,0.0,0.0273972602739726,0.0,0.20947052317450435,"[14, 16, 22, 30, 37, 245, 251, 261, 262, 269, 270, 296, 298, 299, 300, 302, 303, 306, 307, 319, 324, 326, 327, 329, 332, 336, 339, 340, 341, 343, 344, 345, 351, 367, 383, 389, 1693, 1890, 1930, 2002, 2004, 2005, 2006, 2008, 2009, 2013, 2014, 2017, 2020, 2022, 2023, 2026, 2027, 2028, 2031, 2032, 2036, 2042, 2044, 2045, 2046, 2047, 2048, 2059, 2060, 2061, 2067, 2068, 2069, 2072, 2073, 2091, 2106]",Ours-Nested-Intent-Selector,P02,0.49717800530160994
P02,Toy_Lake,rule=mean;visual=0.00;diversity=0.10,0.3700917448101428,0.0547945205479452,0.058823529411764705,0.05673758865248227,0.0547945205479452,0.0,0.212443132679044,"[65, 66, 68, 74, 75, 76, 77, 78, 88, 95, 97, 98, 99, 103, 104, 111, 113, 119, 121, 122, 123, 124, 126, 135, 136, 142, 144, 145, 146, 156, 157, 159, 160, 161, 162, 163, 165, 166, 169, 170, 177, 178, 180, 185, 187, 188, 189, 193, 196, 202, 204, 205, 207, 208, 209, 210, 212, 213, 214, 215, 218, 337, 479, 481, 1430, 1440, 1906, 1907, 1913, 1966, 1999, 2243, 2470]",Ours-Nested-Intent-Selector,P02,0.49717800530160994
P03,Book_Lady,rule=mean;visual=0.20;diversity=0.20,0.42917689412534765,0.0,0.0,0.0,0.37209302325581395,0.046511627906976744,0.4006349586905808,"[136, 143, 147, 183, 189, 223, 242, 243, 244, 249, 301, 310, 312, 313, 325, 326, 328, 330, 334, 338, 362, 377, 378, 384, 393, 395, 396, 397, 403, 404, 405, 406, 407, 409, 410, 411, 413, 414, 415, 416, 446, 898, 936]",Ours-Nested-Intent-Selector,P03,0.47765315721775986
P03,Book_Street,rule=mean;visual=0.20;diversity=0.20,0.39540653790653796,0.06976744186046512,0.04477611940298507,0.05454545454545454,0.813953488372093,0.023255813953488372,0.6046800131393155,"[71, 73, 78, 83, 84, 85, 86, 91, 94, 110, 111, 114, 116, 117, 118, 119, 120, 122, 123, 129, 223, 310, 325, 432, 441, 443, 445, 446, 448, 457, 461, 465, 466, 467, 468, 469, 472, 477, 491, 495, 500, 502, 936]",Ours-Nested-Intent-Selector,P03,0.47765315721775986
P03,Book_Tree,rule=mean;visual=0.20;diversity=0.20,0.43092852488013783,0.11627906976744186,0.06172839506172839,0.08064516129032258,0.813953488372093,0.023255813953488372,0.6224410066261155,"[71, 73, 78, 83, 84, 85, 86, 110, 111, 112, 114, 116, 117, 118, 119, 121, 122, 123, 126, 129, 223, 432, 439, 443, 445, 446, 448, 457, 461, 462, 465, 466, 467, 468, 472, 477, 500, 519, 520, 521, 522, 927, 936]",Ours-Nested-Intent-Selector,P03,0.47765315721775986
P03,Building_Garden,rule=mean;visual=0.20;diversity=0.20,0.35982510288065844,0.16279069767441862,0.1076923076923077,0.12962962962962965,0.3953488372093023,0.0,0.3775869700449804,"[26, 47, 68, 92, 114, 123, 126, 129, 131, 132, 133, 134, 135, 136, 137, 138, 425, 426, 427, 428, 429, 430, 431, 432, 439, 457, 461, 467, 469, 500, 505, 520, 521, 564, 574, 1165, 1527, 1570, 1571, 1572, 1737, 1738, 1780]",Ours-Nested-Intent-Selector,P03,0.47765315721775986
P03,Car_Chocolate,rule=mean;visual=0.20;diversity=0.20,0.49417293233082715,0.0,0.0,0.0,0.4883720930232558,0.0,0.4912725126770415,"[69, 89, 90, 98, 110, 114, 122, 153, 155, 160, 170, 173, 174, 177, 182, 204, 206, 207, 208, 214, 215, 238, 255, 261, 307, 311, 318, 320, 321, 364, 432, 450, 454, 457, 465, 466, 472, 473, 478, 481, 482, 518, 519]",Ours-Nested-Intent-Selector,P03,0.47765315721775986
P03,Car_Tree,rule=mean;visual=0.20;diversity=0.20,0.4010679540633459,0.13953488372093023,0.10909090909090909,0.12244897959183672,1.0,0.8837209302325582,0.700533977031673,"[69, 71, 73, 78, 79, 83, 84, 85, 86, 87, 89, 90, 91, 92, 94, 105, 110, 111, 114, 115, 117, 118, 119, 120, 122, 123, 129, 429, 432, 454, 457, 465, 466, 467, 469, 471, 472, 473, 477, 500, 503, 519, 520]",Ours-Nested-Intent-Selector,P03,0.47765315721775986
P03,Chair_Dance,rule=mean;visual=0.20;diversity=0.20,0.5056950910724494,0.09302325581395349,0.06349206349206349,0.07547169811320754,0.16279069767441862,0.0,0.334242894373434,"[381, 382, 396, 403, 406, 409, 414, 605, 644, 658, 727, 729, 732, 741, 743, 771, 785, 792, 813, 820, 836, 865, 884, 1117, 1208, 1344, 1391, 1573, 1713, 1809, 1811, 1812, 1889, 1894, 2013, 2017, 2019, 2021, 2025, 2032, 2040, 2067, 2072]",Ours-Nested-Intent-Selector,P03,0.47765315721775986
P03,Chair_Tree,rule=mean;visual=0.20;diversity=0.20,0.4178010625737899,0.09302325581395349,0.05970149253731343,0.07272727272727272,0.8604651162790697,0.023255813953488372,0.6391330894264298,"[68, 71, 78, 84, 92, 110, 111, 114, 118, 119, 122, 123, 126, 129, 425, 428, 429, 430, 439, 454, 457, 461, 462, 465, 466, 467, 469, 470, 471, 477, 500, 520, 521, 522, 524, 525, 526, 527, 695, 760, 1117, 1136, 1391]",Ours-Nested-Intent-Selector,P03,0.47765315721775986
P03,Chocolate_Food,rule=mean;visual=0.20;diversity=0.20,0.6079365079365078,0.06976744186046512,0.05357142857142857,0.06060606060606061,0.8837209302325582,0.11627906976744186,0.745828719084533,"[153, 155, 159, 160, 171, 173, 174, 175, 176, 177, 178, 187, 194, 197, 199, 207, 208, 210, 214, 215, 255, 256, 258, 261, 262, 295, 300, 307, 316, 318, 320, 321, 324, 1046, 1155, 1211, 1490, 1498, 1711, 1731, 1841, 1919, 1995]",Ours-Nested-Intent-Selector,P03,0.47765315721775986
P03,Chocolate_Phone,rule=mean;visual=0.20;diversity=0.20,0.5855569985569985,0.13953488372093023,0.10526315789473684,0.12,0.18604651162790697,0.0,0.38580175509245274,"[32, 33, 148, 153, 160, 173, 177, 182, 185, 188, 204, 205, 206, 207, 208, 214, 215, 216, 222, 255, 256, 261, 267, 304, 307, 311, 318, 319, 321, 364, 475, 747, 831, 868, 893, 1080, 1150, 1151, 1155, 1256, 1809, 1810, 1812]",Ours-Nested-Intent-Selector,P03,0.47765315721775986
P03,Chocolate_Street,rule=mean;visual=0.20;diversity=0.20,0.49595712929046276,0.023255813953488372,0.013513513513513514,0.017094017094017096,0.32558139534883723,0.0,0.41076926231965,"[71, 92, 110, 114, 122, 136, 138, 149, 153, 155, 160, 170, 173, 174, 177, 182, 204, 205, 206, 207, 208, 210, 214, 215, 238, 255, 256, 261, 285, 300, 307, 311, 318, 319, 320, 321, 364, 432, 457, 465, 466, 472, 519]",Ours-Nested-Intent-Selector,P03,0.47765315721775986
P03,Chocolate_Tree,rule=mean;visual=0.20;diversity=0.20,0.5818989369448085,0.046511627906976744,0.030303030303030304,0.03669724770642202,0.4418604651162791,0.0,0.5118797010305438,"[71, 84, 92, 110, 114, 122, 123, 129, 138, 153, 155, 160, 170, 173, 174, 177, 182, 205, 206, 207, 208, 214, 215, 255, 261, 307, 311, 318, 321, 429, 432, 439, 457, 465, 466, 469, 472, 477, 518, 519, 520, 521, 524]",Ours-Nested-Intent-Selector,P03,0.47765315721775986
P03,Computer_Cupglass,rule=mean;visual=0.20;diversity=0.20,0.5005602240896357,0.023255813953488372,0.023809523809523808,0.023529411764705882,0.9069767441860465,0.16279069767441862,0.7037684841378411,"[604, 620, 646, 653, 666, 728, 729, 734, 735, 743, 744, 746, 747, 771, 778, 826, 829, 836, 847, 849, 851, 852, 857, 858, 860, 868, 869, 871, 872, 885, 893, 894, 976, 1053, 1080, 1140, 1149, 1673, 1934, 2066, 2089, 2105, 2151]",Ours-Nested-Intent-Selector,P03,0.47765315721775986
P03,Computer_Dance,rule=mean;visual=0.20;diversity=0.20,0.4601549327865116,0.06976744186046512,0.057692307692307696,0.06315789473684211,0.9069767441860465,0.0,0.683565838486279,"[416, 601, 603, 604, 605, 642, 643, 666, 698, 719, 727, 728, 729, 741, 747, 763, 764, 772, 831, 832, 833, 834, 836, 865, 867, 868, 872, 875, 885, 893, 894, 1052, 1126, 1134, 1138, 1140, 1141, 1148, 1150, 1152, 1809, 1811, 2025]",Ours-Nested-Intent-Selector,P03,0.47765315721775986
P03,Computer_Grass,rule=mean;visual=0.20;diversity=0.20,0.4142491861879617,0.11627906976744186,0.09090909090909091,0.1020408163265306,0.5813953488372093,0.0,0.4978222675125855,"[71, 73, 77, 87, 89, 92, 95, 96, 97, 101, 114, 119, 122, 129, 439, 462, 465, 467, 468, 477, 478, 500, 511, 515, 600, 601, 602, 603, 604, 605, 642, 698, 720, 747, 894, 1121, 1126, 1136, 1139, 1146, 1148, 1156, 1572]",Ours-Nested-Intent-Selector,P03,0.47765315721775986
P03,Cupglass_Desk,rule=mean;visual=0.20;diversity=0.20,0.6386408730158729,0.0,0.0,0.0,0.3953488372093023,0.09302325581395349,0.5169948551125876,"[620, 871, 967, 969, 1236, 1484, 1517, 1519, 1531, 1611, 1673, 1688, 1784, 1825, 1826, 1827, 1835, 1836, 1838, 1839, 1853, 1879, 1890, 1891, 1892, 1904, 1915, 1921, 1934, 1936, 1941, 1949, 1960, 1975, 2019, 2044, 2047, 2048, 2052, 2066, 2076, 2089, 2151]",Ours-Nested-Intent-Selector,P03,0.47765315721775986
P03,Cupglass_Grass,rule=mean;visual=0.20;diversity=0.20,0.6131649364659073,0.0,0.0,0.0,0.46511627906976744,0.0,0.5391406077678373,"[129, 468, 620, 771, 969, 1109, 1236, 1282, 1399, 1454, 1463, 1477, 1479, 1481, 1484, 1493, 1499, 1503, 1517, 1611, 1655, 1663, 1673, 1761, 1885, 1921, 1928, 2076, 2079, 2081, 2088, 2089, 2098, 2101, 2103, 2105, 2106, 2109, 2111, 2114, 2119, 2129, 2151]",Ours-Nested-Intent-Selector,P03,0.47765315721775986
P03,Cupglass_Lake,rule=mean;visual=0.20;diversity=0.20,0.6122134038800708,0.0,0.0,0.0,0.3488372093023256,0.0,0.4805253065911982,"[620, 668, 694, 721, 792, 815, 855, 870, 1172, 1282, 1296, 1354, 1426, 1454, 1463, 1477, 1483, 1484, 1493, 1502, 1517, 1577, 1588, 1606, 1611, 1776, 1804, 1826, 1835, 1839, 1885, 1915, 1916, 1921, 1928, 1934, 1996, 2076, 2089, 2109, 2111, 2149, 2151]",Ours-Nested-Intent-Selector,P03,0.47765315721775986
P03,Cupglass_Room,rule=mean;visual=0.20;diversity=0.20,0.6004091653027822,0.023255813953488372,0.0196078431372549,0.02127659574468085,0.5348837209302325,0.11627906976744186,0.5676464431165074,"[616, 620, 682, 735, 736, 778, 792, 798, 824, 845, 929, 967, 969, 983, 1109, 1173, 1176, 1199, 1209, 1399, 1439, 1588, 1611, 1663, 1673, 1825, 1998, 2018, 2043, 2062, 2065, 2066, 2067, 2076, 2081, 2089, 2098, 2101, 2105, 2106, 2109, 2119, 2151]",Ours-Nested-Intent-Selector,P03,0.47765315721775986
P03,Cupglass_Window,rule=mean;visual=0.20;diversity=0.20,0.6269841269841272,0.0,0.0,0.0,0.5348837209302325,0.023255813953488372,0.5809339239571798,"[25, 86, 94, 96, 119, 620, 735, 760, 771, 778, 792, 849, 967, 969, 1109, 1282, 1344, 1354, 1477, 1517, 1570, 1588, 1590, 1611, 1673, 1764, 1915, 1921, 1934, 1936, 1944, 1950, 1998, 2076, 2089, 2098, 2103, 2104, 2105, 2106, 2109, 2111, 2151]",Ours-Nested-Intent-Selector,P03,0.47765315721775986
P03,Desk_Food,rule=mean;visual=0.20;diversity=0.20,0.5949094115760782,0.0,0.0,0.0,1.0,0.18604651162790697,0.7974547057880391,"[755, 1046, 1415, 1416, 1452, 1482, 1483, 1490, 1495, 1500, 1516, 1544, 1676, 1682, 1731, 1770, 1827, 1835, 1836, 1838, 1839, 1849, 1850, 1866, 1870, 1877, 1879, 1890, 1892, 1904, 1914, 1919, 1921, 1923, 1940, 1941, 1962, 1975, 1991, 1997, 2000, 2030, 2048]",Ours-Nested-Intent-Selector,P03,0.47765315721775986
P03,Desk_Hands,rule=mean;visual=0.20;diversity=0.20,0.5802521008403362,0.023255813953488372,0.01694915254237288,0.0196078431372549,0.9767441860465116,0.2558139534883721,0.7784981434434239,"[413, 708, 794, 844, 902, 910, 935, 936, 1011, 1029, 1036, 1046, 1048, 1072, 1232, 1251, 1364, 1395, 1409, 1412, 1483, 1488, 1490, 1500, 1516, 1756, 1801, 1827, 1839, 1866, 1890, 1891, 1909, 1911, 1949, 1960, 1962, 1975, 1997, 2019, 2039, 2052, 2071]",Ours-Nested-Intent-Selector,P03,0.47765315721775986
P03,Desk_Tree,rule=mean;visual=0.20;diversity=0.20,0.3861967514278439,0.11627906976744186,0.06578947368421052,0.08403361344537814,0.7906976744186046,0.023255813953488372,0.5884472129232242,"[71, 73, 78, 84, 85, 90, 110, 111, 112, 114, 117, 119, 120, 122, 123, 126, 129, 136, 425, 428, 429, 430, 432, 439, 454, 457, 461, 462, 464, 465, 466, 467, 470, 477, 499, 500, 521, 695, 917, 1470, 1870, 1975, 2019]",Ours-Nested-Intent-Selector,P03,0.47765315721775986
P03,Drink_Food,rule=mean;visual=0.20;diversity=0.20,0.5562520246193716,0.023255813953488372,0.01818181818181818,0.02040816326530612,1.0,0.06976744186046512,0.7781260123096858,"[755, 811, 1046, 1072, 1384, 1395, 1404, 1452, 1482, 1483, 1486, 1488, 1490, 1498, 1500, 1676, 1731, 1784, 1820, 1827, 1836, 1839, 1849, 1864, 1866, 1871, 1877, 1879, 1880, 1886, 1890, 1892, 1904, 1919, 1921, 1923, 1941, 1961, 1962, 1991, 1997, 2006, 2053]",Ours-Nested-Intent-Selector,P03,0.47765315721775986
P03,Drink_Tree,rule=mean;visual=0.20;diversity=0.20,0.3643830488170111,0.06976744186046512,0.047619047619047616,0.056603773584905655,0.7674418604651163,0.0,0.5659124546410637,"[71, 73, 78, 83, 85, 90, 92, 110, 111, 112, 114, 118, 119, 122, 123, 129, 425, 428, 429, 430, 439, 461, 462, 465, 466, 467, 469, 471, 472, 500, 511, 512, 514, 520, 521, 695, 755, 797, 814, 1405, 1686, 1839, 1921]",Ours-Nested-Intent-Selector,P03,0.47765315721775986
P03,Face_Boat,rule=mean;visual=0.20;diversity=0.20,0.5536414565826331,0.046511627906976744,0.04,0.04301075268817204,0.11627906976744186,0.0,0.33496026317503746,"[132, 138, 159, 169, 172, 182, 192, 202, 218, 219, 227, 238, 241, 246, 250, 268, 276, 288, 298, 300, 309, 372, 375, 377, 390, 404, 406, 407, 409, 411, 412, 413, 626, 664, 1393, 1544, 1804, 1827, 1836, 1879, 1921, 2048, 2053]",Ours-Nested-Intent-Selector,P03,0.47765315721775986
P03,Food_Hands,rule=mean;visual=0.20;diversity=0.20,0.6229166666666668,0.0,0.0,0.0,1.0,1.0,0.8114583333333334,"[977, 995, 1011, 1012, 1016, 1020, 1021, 1028, 1029, 1032, 1033, 1035, 1036, 1045, 1046, 1060, 1064, 1068, 1071, 1072, 1073, 1087, 1088, 1090, 1265, 1364, 1455, 1483, 1485, 1488, 1490, 1498, 1500, 1515, 1516, 1676, 1707, 1711, 1723, 1756, 1771, 1785, 1919]",Ours-Nested-Intent-Selector,P03,0.47765315721775986
P03,Food_Lady,rule=mean;visual=0.20;diversity=0.20,0.5791116869241869,0.046511627906976744,0.03773584905660377,0.041666666666666664,0.9767441860465116,0.13953488372093023,0.7779279364853493,"[136, 404, 407, 408, 409, 410, 411, 413, 418, 1020, 1045, 1185, 1452, 1482, 1483, 1488, 1490, 1500, 1516, 1544, 1631, 1643, 1676, 1723, 1731, 1766, 1770, 1827, 1835, 1836, 1838, 1839, 1866, 1875, 1877, 1879, 1890, 1891, 1904, 1914, 1919, 1969, 1997]",Ours-Nested-Intent-Selector,P03,0.47765315721775986
P03,Food_Room,rule=mean;visual=0.20;diversity=0.20,0.5941640120885405,0.0,0.0,0.0,0.9767441860465116,0.23255813953488372,0.7854540990675261,"[755, 854, 881, 1211, 1451, 1452, 1462, 1533, 1549, 1631, 1632, 1643, 1644, 1655, 1659, 1662, 1676, 1721, 1731, 1734, 1769, 1770, 1841, 1848, 1851, 1887, 1901, 1904, 1919, 1923, 1926, 1986, 1991, 1995, 1998, 2030, 2034, 2050, 2053, 2062, 2066, 2067, 2151]",Ours-Nested-Intent-Selector,P03,0.47765315721775986
P03,Grass_Beach,rule=mean;visual=0.20;diversity=0.20,0.2830489714021123,0.09302325581395349,0.07692307692307693,0.08421052631578947,0.23255813953488372,0.0,0.25780355546849804,"[47, 71, 73, 77, 78, 85, 86, 91, 92, 94, 101, 114, 115, 117, 118, 119, 122, 123, 126, 129, 132, 135, 138, 426, 428, 430, 432, 439, 454, 461, 465, 466, 467, 468, 469, 472, 477, 491, 503, 505, 520, 574, 627]",Ours-Nested-Intent-Selector,P03,0.47765315721775986
P03,Grass_Men,rule=mean;visual=0.20;diversity=0.20,0.4505860352799127,0.09302325581395349,0.07272727272727272,0.08163265306122448,0.09302325581395349,0.0,0.27180464554693307,"[47, 75, 78, 85, 87, 92, 101, 123, 129, 131, 132, 136, 138, 139, 305, 334, 404, 407, 409, 411, 413, 425, 426, 428, 429, 430, 433, 439, 440, 454, 459, 461, 462, 467, 500, 570, 572, 695, 1343, 1481, 1544, 1572, 1780]",Ours-Nested-Intent-Selector,P03,0.47765315721775986
P03,Hall_Ocean,rule=mean;visual=0.20;diversity=0.20,0.42767438746820186,0.046511627906976744,0.037037037037037035,0.041237113402061855,0.023255813953488372,0.0,0.2254651007108451,"[30, 31, 34, 35, 42, 44, 45, 52, 139, 142, 228, 229, 303, 334, 374, 377, 534, 540, 546, 548, 554, 565, 566, 567, 568, 571, 572, 578, 579, 580, 581, 582, 583, 584, 585, 596, 597, 684, 1222, 1247, 1572, 1639, 2033]",Ours-Nested-Intent-Selector,P03,0.47765315721775986
P03,Hands_Boat,rule=mean;visual=0.20;diversity=0.20,0.5696383816684568,0.023255813953488372,0.011111111111111112,0.015037593984962407,0.9534883720930233,0.0,0.76156337688074,"[166, 167, 201, 222, 223, 226, 240, 241, 272, 279, 280, 443, 654, 663, 703, 718, 787, 908, 1016, 1168, 1250, 1251, 1259, 1267, 1286, 1293, 1302, 1309, 1364, 1365, 1411, 1412, 1504, 1559, 1619, 1676, 1685, 1706, 1756, 1772, 1883, 1911, 1923]",Ours-Nested-Intent-Selector,P03,0.47765315721775986
P03,Hands_Room,rule=mean;visual=0.20;diversity=0.20,0.5342489369038043,0.023255813953488372,0.014285714285714285,0.017699115044247787,0.9534883720930233,0.18604651162790697,0.7438686544984138,"[46, 53, 654, 672, 708, 761, 767, 902, 905, 916, 922, 952, 956, 957, 958, 960, 961, 1003, 1012, 1016, 1017, 1022, 1028, 1029, 1048, 1079, 1108, 1278, 1286, 1358, 1395, 1411, 1752, 1753, 1755, 1756, 1801, 1911, 2019, 2038, 2058, 2132, 2151]",Ours-Nested-Intent-Selector,P03,0.47765315721775986
P03,Lady_Sports,rule=mean;visual=0.20;diversity=0.20,0.4735136356348476,0.06976744186046512,0.05357142857142857,0.06060606060606061,0.13953488372093023,0.0,0.30652425967788893,"[18, 20, 26, 133, 134, 136, 141, 155, 159, 169, 174, 177, 182, 194, 210, 211, 236, 246, 261, 291, 292, 320, 321, 334, 338, 364, 378, 404, 407, 409, 422, 426, 429, 430, 432, 469, 473, 479, 482, 574, 598, 1185, 1343]",Ours-Nested-Intent-Selector,P03,0.47765315721775986
P03,Market_Beach,rule=mean;visual=0.20;diversity=0.20,0.5756559043793086,0.09302325581395349,0.0784313725490196,0.0851063829787234,0.8837209302325582,0.0,0.7296884173059334,"[132, 134, 136, 137, 138, 139, 145, 153, 155, 170, 173, 183, 207, 216, 219, 228, 230, 237, 246, 250, 251, 252, 269, 285, 288, 300, 307, 309, 313, 316, 319, 320, 352, 358, 363, 374, 375, 378, 404, 406, 410, 426, 627]",Ours-Nested-Intent-Selector,P03,0.47765315721775986
P03,Market_Sun,rule=mean;visual=0.20;diversity=0.20,0.5284667107583775,0.09302325581395349,0.06153846153846154,0.07407407407407407,0.6976744186046512,0.023255813953488372,0.6130705646815143,"[129, 132, 133, 134, 136, 137, 138, 139, 143, 155, 170, 172, 173, 180, 227, 229, 230, 245, 246, 291, 311, 334, 342, 352, 372, 374, 375, 377, 378, 379, 383, 404, 406, 407, 426, 428, 430, 459, 477, 505, 572, 574, 627]",Ours-Nested-Intent-Selector,P03,0.47765315721775986
P03,Men_Sun,rule=mean;visual=0.20;diversity=0.20,0.5195178309039696,0.06976744186046512,0.05172413793103448,0.0594059405940594,0.11627906976744186,0.0,0.31789845033570574,"[21, 26, 129, 133, 136, 138, 139, 169, 305, 334, 372, 379, 404, 407, 409, 411, 413, 425, 426, 428, 429, 430, 432, 459, 527, 545, 570, 572, 627, 695, 1161, 1218, 1260, 1343, 1393, 1544, 1609, 1738, 1780, 1803, 1804, 1807, 1812]",Ours-Nested-Intent-Selector,P03,0.47765315721775986
P03,Office_Tree,rule=mean;visual=0.20;diversity=0.20,0.3540951013375571,0.09302325581395349,0.08,0.08602150537634408,0.7441860465116279,0.0,0.5491405739245925,"[61, 68, 70, 71, 73, 75, 84, 110, 111, 114, 118, 119, 121, 122, 123, 129, 432, 439, 457, 461, 465, 466, 472, 477, 500, 512, 514, 516, 519, 520, 521, 522, 523, 524, 529, 596, 597, 602, 604, 760, 970, 1139, 1572]",Ours-Nested-Intent-Selector,P03,0.47765315721775986
P03,Phone_Ocean,rule=mean;visual=0.20;diversity=0.20,0.507993781705122,0.11627906976744186,0.09259259259259259,0.10309278350515463,0.2558139534883721,0.0,0.38190386759674705,"[1, 30, 32, 33, 34, 35, 42, 240, 364, 475, 534, 554, 565, 567, 578, 579, 580, 581, 582, 583, 584, 585, 640, 684, 741, 861, 893, 968, 1078, 1079, 1080, 1151, 1256, 1665, 1756, 1760, 1802, 1808, 1809, 1810, 1811, 1812, 1962]",Ours-Nested-Intent-Selector,P03,0.47765315721775986
P03,Room_Baby,rule=mean;visual=0.20;diversity=0.20,0.5467661051819468,0.023255813953488372,0.017241379310344827,0.019801980198019802,0.46511627906976744,0.0,0.5059411921258571,"[20, 46, 301, 394, 400, 416, 576, 577, 597, 616, 663, 672, 674, 737, 970, 983, 1079, 1080, 1098, 1182, 1264, 1315, 1325, 1338, 1399, 1402, 1413, 1439, 1446, 1557, 1787, 1978, 2017, 2018, 2019, 2023, 2025, 2026, 2028, 2032, 2040, 2041, 2148]",Ours-Nested-Intent-Selector,P03,0.47765315721775986
P03,Room_Sky,rule=mean;visual=0.20;diversity=0.20,0.39540551142492897,0.09302325581395349,0.06666666666666667,0.07766990291262137,0.7906976744186046,0.09302325581395349,0.5930515929217668,"[25, 30, 34, 46, 71, 73, 84, 91, 94, 96, 114, 115, 118, 119, 122, 466, 472, 477, 485, 535, 577, 596, 597, 598, 599, 607, 1527, 1570, 1978, 2016, 2017, 2018, 2022, 2023, 2025, 2026, 2027, 2028, 2032, 2034, 2041, 2057, 2062]",Ours-Nested-Intent-Selector,P03,0.47765315721775986
P03,Sign_Student,rule=mean;visual=0.20;diversity=0.20,0.48179271708683474,0.06976744186046512,0.05084745762711865,0.058823529411764705,0.20930232558139536,0.0,0.34554752133411504,"[133, 136, 137, 143, 145, 148, 168, 169, 172, 177, 192, 195, 201, 207, 211, 216, 227, 228, 229, 232, 237, 246, 247, 289, 301, 303, 310, 311, 312, 313, 315, 316, 319, 320, 325, 342, 352, 361, 374, 378, 401, 406, 461]",Ours-Nested-Intent-Selector,P03,0.47765315721775986
P03,Street_Kids,rule=mean;visual=0.20;diversity=0.20,0.5600322420634919,0.11627906976744186,0.09433962264150944,0.10416666666666667,0.46511627906976744,0.023255813953488372,0.5125742605666297,"[111, 114, 122, 123, 129, 132, 133, 134, 136, 137, 138, 139, 143, 155, 170, 194, 212, 216, 227, 246, 251, 291, 311, 313, 319, 320, 321, 324, 377, 378, 404, 406, 407, 426, 428, 429, 430, 432, 454, 457, 461, 465, 477]",Ours-Nested-Intent-Selector,P03,0.47765315721775986
P03,Sun_Student,rule=mean;visual=0.20;diversity=0.20,0.43071314786368553,0.046511627906976744,0.0425531914893617,0.04444444444444444,0.046511627906976744,0.023255813953488372,0.23861238788533112,"[14, 26, 71, 91, 92, 129, 133, 136, 169, 403, 425, 426, 428, 429, 430, 432, 461, 462, 465, 466, 469, 477, 494, 522, 527, 532, 541, 546, 564, 570, 572, 627, 695, 739, 760, 917, 927, 982, 1527, 1572, 1700, 1738, 1812]",Ours-Nested-Intent-Selector,P03,0.47765315721775986
P04,Blonde_Beach,rule=mean;visual=0.00;diversity=0.10,0.2516258605870288,0.028169014084507043,0.03333333333333333,0.03053435114503817,0.028169014084507043,0.0,0.13989743733576793,"[197, 468, 471, 473, 475, 477, 481, 482, 489, 490, 493, 497, 498, 500, 923, 944, 945, 955, 956, 957, 959, 963, 964, 990, 999, 1000, 1001, 1003, 1004, 1005, 1006, 1007, 1008, 1009, 1012, 1014, 1017, 1021, 1024, 1028, 1034, 1043, 1048, 1062, 1090, 1091, 1283, 1284, 1302, 1995, 1997, 1998, 1999, 2002, 2003, 2006, 2008, 2018, 2024, 2034, 2036, 2089, 2101, 2111, 2116, 2120, 2122, 2126, 2145, 2148, 2158]",Ours-Nested-Intent-Selector,P04,0.5204387427309669
P04,Blonde_Food,rule=mean;visual=0.00;diversity=0.10,0.33670033670033667,0.07042253521126761,0.17857142857142858,0.10101010101010102,0.18309859154929578,0.0,0.25989946412481624,"[176, 201, 204, 211, 227, 228, 229, 230, 285, 449, 456, 468, 471, 475, 497, 507, 517, 521, 887, 956, 973, 974, 976, 977, 978, 979, 980, 982, 984, 985, 986, 987, 989, 990, 991, 992, 993, 1009, 1019, 1034, 1043, 1048, 1062, 1066, 1068, 1091, 1302, 1530, 1685, 1687, 1689, 1707, 1714, 1720, 1885, 1971, 1997, 2006, 2089, 2132, 2136, 2151, 2158, 2159, 2161, 2162, 2244, 2245, 2467, 2553, 3520]",Ours-Nested-Intent-Selector,P04,0.5204387427309669
P04,Blonde_Garden,rule=mean;visual=0.00;diversity=0.10,0.262780943213116,0.028169014084507043,0.07407407407407407,0.04081632653061224,0.11267605633802817,0.0,0.1877284997755721,"[189, 191, 197, 199, 200, 471, 475, 477, 481, 482, 490, 493, 497, 498, 500, 501, 504, 929, 944, 945, 949, 954, 955, 956, 957, 958, 959, 964, 997, 999, 1001, 1003, 1004, 1005, 1006, 1007, 1008, 1009, 1011, 1016, 1020, 1024, 1028, 1034, 1043, 1045, 1062, 1064, 1065, 1090, 1091, 1092, 1202, 1995, 1998, 1999, 2003, 2006, 2008, 2010, 2024, 2026, 2034, 2036, 2089, 2111, 2116, 2119, 2122, 2126, 2152]",Ours-Nested-Intent-Selector,P04,0.5204387427309669
P04,Book_Chair,rule=mean;visual=0.00;diversity=0.10,0.36900946949490643,0.028169014084507043,0.0625,0.038834951456310676,0.8169014084507042,0.16901408450704225,0.5929554389728053,"[0, 1, 2, 3, 4, 5, 6, 7, 8, 9, 10, 19, 24, 39, 40, 41, 43, 44, 46, 47, 59, 63, 69, 70, 71, 72, 73, 75, 77, 317, 348, 422, 439, 440, 451, 460, 521, 646, 1546, 1703, 1710, 1722, 1732, 1802, 1836, 1841, 1843, 1845, 1902, 1968, 1975, 2249, 2546, 2661, 2663, 3252, 3256, 3306, 3318, 3326, 3333, 3335, 3336, 3390, 3397, 3411, 3412, 3413, 3454, 3491, 3574]",Ours-Nested-Intent-Selector,P04,0.5204387427309669
P04,Book_Sports,rule=mean;visual=0.00;diversity=0.10,0.3234671646436352,0.028169014084507043,0.06451612903225806,0.0392156862745098,0.6901408450704225,0.0,0.5068040048570288,"[14, 70, 71, 73, 77, 78, 924, 2086, 2249, 2312, 2313, 2499, 2615, 2620, 2626, 2628, 2629, 2631, 2633, 2640, 2645, 2658, 2661, 2663, 2667, 2669, 2670, 2674, 2681, 2717, 3256, 3258, 3273, 3290, 3309, 3310, 3315, 3322, 3328, 3329, 3330, 3339, 3340, 3341, 3342, 3351, 3359, 3361, 3368, 3377, 3383, 3384, 3388, 3406, 3424, 3425, 3428, 3438, 3440, 3441, 3442, 3443, 3447, 3454, 3525, 3537, 3549, 3560, 3569, 3581, 3582]",Ours-Nested-Intent-Selector,P04,0.5204387427309669
P04,Building_School,rule=mean;visual=0.00;diversity=0.10,0.2821195144724557,0.0,0.0,0.0,0.5070422535211268,0.028169014084507043,0.39458088399679125,"[411, 471, 484, 506, 552, 621, 622, 623, 624, 626, 630, 642, 643, 644, 645, 657, 659, 660, 666, 667, 670, 671, 688, 709, 716, 717, 719, 720, 723, 725, 726, 727, 728, 729, 733, 819, 843, 875, 891, 920, 924, 926, 948, 953, 964, 967, 1022, 1023, 1026, 1087, 1091, 1094, 1192, 1194, 1397, 1696, 1697, 1701, 1805, 1836, 1843, 1844, 1987, 2025, 2091, 2103, 2105, 2107, 2141, 2148, 2155]",Ours-Nested-Intent-Selector,P04,0.5204387427309669
P04,Building_Window,rule=mean;visual=0.00;diversity=0.10,0.4202137202137202,0.04225352112676056,0.075,0.05405405405405405,0.8732394366197183,0.19718309859154928,0.6467265784167192,"[145, 469, 484, 552, 833, 908, 918, 919, 920, 924, 926, 927, 953, 960, 962, 964, 994, 998, 1022, 1023, 1024, 1026, 1031, 1037, 1039, 1076, 1094, 1099, 1106, 1145, 1162, 1184, 1185, 1196, 1203, 1328, 1542, 1548, 1696, 1701, 1705, 1985, 2000, 2015, 2016, 2017, 2025, 2027, 2030, 2036, 2084, 2091, 2095, 2096, 2099, 2147, 2269, 2270, 2326, 2327, 2328, 2329, 2549, 3281, 3282, 3283, 3285, 3286, 3287, 3288, 3587]",Ours-Nested-Intent-Selector,P04,0.5204387427309669
P04,Car_Chocolate,rule=mean;visual=0.00;diversity=0.10,0.3521466364323508,0.056338028169014086,0.11764705882352941,0.07619047619047618,0.5211267605633803,0.0,0.4366366984978655,"[190, 471, 481, 482, 490, 495, 956, 959, 960, 961, 962, 978, 998, 999, 1000, 1001, 1004, 1005, 1008, 1009, 1023, 1024, 1026, 1027, 1045, 1057, 1064, 1092, 1099, 1103, 1106, 1158, 1185, 1228, 1276, 1279, 1288, 1480, 1537, 2000, 2005, 2008, 2015, 2016, 2017, 2018, 2019, 2021, 2022, 2023, 2025, 2026, 2027, 2028, 2033, 2036, 2086, 2089, 2091, 2095, 2096, 2097, 2098, 2099, 2101, 2102, 2107, 2122, 2147, 2150, 2151]",Ours-Nested-Intent-Selector,P04,0.5204387427309669
P04,Car_Food,rule=mean;visual=0.00;diversity=0.10,0.35908460471567266,0.08450704225352113,0.1875,0.11650485436893204,0.5492957746478874,0.0,0.45419018968178004,"[185, 189, 190, 227, 228, 229, 285, 481, 482, 483, 510, 944, 956, 959, 960, 961, 962, 998, 999, 1000, 1001, 1004, 1005, 1008, 1009, 1016, 1024, 1026, 1062, 1064, 1065, 1076, 1103, 1107, 1133, 1158, 1162, 1183, 1279, 1286, 1288, 1480, 1537, 2000, 2007, 2008, 2016, 2017, 2018, 2019, 2021, 2022, 2023, 2027, 2028, 2033, 2036, 2037, 2091, 2095, 2096, 2097, 2098, 2099, 2101, 2102, 2110, 2122, 2147, 2150, 2151]",Ours-Nested-Intent-Selector,P04,0.5204387427309669
P04,Car_Market,rule=mean;visual=0.00;diversity=0.10,0.34014275053879006,0.08450704225352113,0.2,0.11881188118811882,0.6056338028169014,0.0,0.4728882766778457,"[197, 471, 474, 477, 481, 482, 497, 498, 942, 956, 959, 961, 962, 973, 976, 977, 980, 982, 998, 999, 1000, 1001, 1003, 1004, 1005, 1006, 1009, 1022, 1023, 1024, 1026, 1045, 1062, 1064, 1537, 1998, 2000, 2015, 2017, 2018, 2019, 2021, 2022, 2023, 2024, 2025, 2027, 2028, 2033, 2036, 2089, 2091, 2095, 2096, 2097, 2098, 2099, 2101, 2102, 2103, 2107, 2109, 2110, 2122, 2147, 2150, 2151, 2152, 2160, 2175, 2242]",Ours-Nested-Intent-Selector,P04,0.5204387427309669
P04,Car_Ocean,rule=mean;visual=0.00;diversity=0.10,0.3952507039885682,0.04225352112676056,0.09375,0.05825242718446602,0.38028169014084506,0.0,0.3877661970647066,"[185, 492, 493, 495, 500, 924, 939, 940, 944, 959, 960, 961, 962, 964, 1000, 1001, 1008, 1014, 1024, 1026, 1037, 1038, 1045, 1064, 1076, 1083, 1094, 1228, 1280, 1308, 1328, 1350, 1364, 1393, 1480, 1537, 1548, 1985, 2000, 2004, 2005, 2007, 2008, 2009, 2014, 2016, 2017, 2018, 2019, 2020, 2021, 2023, 2025, 2027, 2028, 2030, 2033, 2036, 2090, 2091, 2095, 2096, 2097, 2098, 2099, 2102, 2111, 2114, 2145, 2147, 2150]",Ours-Nested-Intent-Selector,P04,0.5204387427309669
P04,Car_Office,rule=mean;visual=0.00;diversity=0.10,0.291549914731733,0.0,0.0,0.0,0.09859154929577464,0.0,0.1950707320137538,"[559, 561, 563, 564, 565, 570, 571, 572, 574, 575, 579, 671, 962, 1096, 1117, 1142, 1160, 1163, 1179, 1185, 1194, 1196, 1210, 1219, 1233, 1248, 1258, 1262, 1287, 1397, 1422, 1432, 1436, 1661, 1677, 1787, 1806, 1888, 1889, 1900, 1966, 2033, 2312, 2317, 2332, 2335, 2339, 2343, 2344, 2345, 2348, 2351, 2353, 2355, 2356, 2359, 2361, 2363, 2367, 2368, 2371, 2372, 2386, 2395, 2399, 2409, 2417, 2443, 2447, 2483, 2744]",Ours-Nested-Intent-Selector,P04,0.5204387427309669
P04,Car_Sign,rule=mean;visual=0.00;diversity=0.10,0.3483551107404318,0.04225352112676056,0.07894736842105263,0.05504587155963303,0.5352112676056338,0.0,0.4417831891730328,"[189, 193, 477, 481, 482, 484, 920, 924, 942, 944, 956, 962, 969, 998, 999, 1000, 1001, 1003, 1005, 1006, 1009, 1023, 1024, 1026, 1031, 1040, 1045, 1064, 1076, 1103, 1185, 1292, 1318, 1489, 1693, 1696, 1701, 1998, 2000, 2007, 2015, 2016, 2017, 2019, 2021, 2022, 2023, 2025, 2027, 2028, 2031, 2033, 2034, 2036, 2089, 2091, 2095, 2096, 2097, 2098, 2099, 2101, 2102, 2107, 2110, 2111, 2118, 2120, 2122, 2147, 2150]",Ours-Nested-Intent-Selector,P04,0.5204387427309669
P04,Chair_Men,rule=mean;visual=0.00;diversity=0.10,0.39842810910772086,0.056338028169014086,0.125,0.07766990291262135,0.9577464788732394,0.29577464788732394,0.6780872939904801,"[210, 212, 213, 218, 220, 232, 235, 242, 251, 261, 264, 317, 326, 329, 332, 339, 348, 378, 379, 392, 414, 423, 427, 429, 439, 451, 460, 461, 485, 506, 507, 517, 519, 523, 528, 530, 550, 551, 595, 653, 804, 828, 842, 843, 873, 893, 909, 915, 975, 993, 1050, 1091, 1302, 1546, 1687, 1703, 1710, 1714, 1722, 1732, 1836, 1882, 1902, 1940, 1968, 1971, 1974, 1975, 2140, 2160, 2244]",Ours-Nested-Intent-Selector,P04,0.5204387427309669
P04,Computer_Beach,rule=mean;visual=0.00;diversity=0.10,0.29331360249727595,0.0,0.0,0.0,1.0,0.0,0.646656801248638,"[1098, 1139, 1141, 1142, 1146, 1149, 1160, 1170, 1179, 1192, 1199, 1201, 1213, 1214, 1215, 1219, 1256, 1263, 1265, 1268, 1281, 1282, 1283, 1284, 1287, 1301, 1317, 1329, 1330, 1401, 1402, 1403, 1406, 1410, 1425, 1429, 1434, 1436, 1437, 1442, 1459, 1486, 1561, 1563, 1564, 1565, 1566, 1579, 1583, 1585, 1591, 1596, 1616, 1617, 1625, 1640, 1641, 1648, 1651, 1661, 1677, 1678, 2293, 2348, 2417, 2489, 2896, 2915, 2935, 2970, 3193]",Ours-Nested-Intent-Selector,P04,0.5204387427309669
P04,Computer_Room,rule=mean;visual=0.00;diversity=0.10,0.3152865286528653,0.014084507042253521,0.03333333333333333,0.019801980198019802,1.0,0.4084507042253521,0.6576432643264327,"[411, 540, 542, 577, 635, 695, 711, 723, 734, 742, 744, 746, 747, 749, 753, 759, 761, 762, 764, 775, 777, 788, 789, 857, 1423, 1424, 1505, 1516, 1532, 1554, 1613, 1630, 1658, 1768, 1790, 1798, 1808, 1824, 1886, 1893, 1914, 1926, 1930, 2298, 2309, 2321, 2331, 2450, 2497, 2502, 2515, 2562, 2591, 2592, 2601, 2607, 2639, 2685, 2728, 2741, 2744, 2745, 2746, 2750, 2755, 2757, 2763, 2765, 2931, 3200, 3201]",Ours-Nested-Intent-Selector,P04,0.5204387427309669
P04,Cupglass_Boat,rule=mean;visual=0.00;diversity=0.10,0.27153604497354505,0.0,0.0,0.0,0.11267605633802817,0.0,0.19210605065578662,"[19, 40, 55, 59, 87, 88, 110, 116, 117, 135, 140, 141, 156, 159, 162, 170, 177, 178, 204, 229, 310, 449, 874, 988, 1050, 1068, 1302, 1319, 1546, 1553, 1609, 1703, 2008, 2114, 2171, 2231, 2253, 2260, 2517, 2521, 2522, 2525, 2526, 2527, 2528, 2533, 2534, 2535, 2539, 2545, 2549, 2550, 2609, 2611, 3154, 3155, 3207, 3217, 3228, 3245, 3250, 3279, 3280, 3285, 3417, 3467, 3469, 3499, 3502, 3579, 3584]",Ours-Nested-Intent-Selector,P04,0.5204387427309669
P04,Desk_Men,rule=mean;visual=0.00;diversity=0.10,0.3724393729248099,0.056338028169014086,0.125,0.07766990291262135,0.9436619718309859,0.5070422535211268,0.6580506723778978,"[204, 210, 212, 213, 220, 224, 226, 231, 232, 235, 237, 239, 242, 250, 251, 261, 264, 268, 270, 296, 305, 308, 309, 311, 316, 317, 326, 329, 332, 335, 339, 342, 345, 347, 348, 355, 371, 378, 379, 390, 392, 401, 414, 423, 427, 429, 439, 451, 507, 517, 519, 595, 915, 975, 990, 993, 1050, 1302, 1546, 1703, 1710, 1714, 1722, 1732, 1882, 1902, 1940, 1968, 1971, 1974, 1975]",Ours-Nested-Intent-Selector,P04,0.5204387427309669
P04,Desk_Ocean,rule=mean;visual=0.00;diversity=0.10,0.39628495194532926,0.04225352112676056,0.08571428571428572,0.05660377358490566,0.4225352112676056,0.0,0.4094100816064674,"[3, 41, 55, 157, 163, 165, 170, 213, 228, 229, 232, 251, 269, 289, 297, 305, 309, 314, 317, 326, 339, 348, 355, 379, 390, 397, 401, 408, 427, 439, 449, 451, 580, 598, 852, 975, 1044, 1050, 1289, 1302, 1410, 1464, 1486, 1545, 1546, 1587, 1687, 1703, 1710, 1722, 1732, 1845, 1902, 1940, 1968, 1971, 1974, 2267, 2450, 2750, 3081, 3227, 3276, 3306, 3312, 3315, 3320, 3340, 3376, 3394, 3432]",Ours-Nested-Intent-Selector,P04,0.5204387427309669
P04,Desk_Room,rule=mean;visual=0.00;diversity=0.10,0.2946127946127946,0.014084507042253521,0.029411764705882353,0.019047619047619046,0.9154929577464789,0.3380281690140845,0.6050528761796368,"[59, 62, 84, 86, 104, 157, 206, 212, 213, 216, 218, 220, 224, 231, 235, 239, 242, 250, 255, 261, 264, 280, 289, 294, 295, 296, 309, 314, 316, 317, 321, 326, 329, 332, 335, 336, 338, 339, 342, 346, 347, 348, 354, 355, 363, 371, 374, 378, 379, 382, 383, 385, 389, 390, 393, 399, 401, 404, 406, 407, 408, 414, 416, 419, 427, 428, 429, 449, 451, 455, 714]",Ours-Nested-Intent-Selector,P04,0.5204387427309669
P04,Drink_Tree,rule=mean;visual=0.00;diversity=0.10,0.2645773208273208,0.028169014084507043,0.08,0.041666666666666664,0.9436619718309859,0.09859154929577464,0.6041196463291534,"[470, 482, 487, 493, 497, 498, 934, 942, 946, 954, 956, 962, 964, 997, 999, 1000, 1001, 1004, 1005, 1009, 1011, 1014, 1024, 1026, 1027, 1028, 1029, 1043, 1044, 1050, 1051, 1058, 1059, 1061, 1064, 1065, 1066, 1068, 1087, 1091, 1092, 1228, 1247, 1276, 1302, 1319, 1325, 1328, 1546, 1687, 1693, 2002, 2007, 2008, 2009, 2010, 2016, 2017, 2019, 2023, 2024, 2036, 2037, 2096, 2101, 2111, 2117, 2125, 2145, 2150, 2151]",Ours-Nested-Intent-Selector,P04,0.5204387427309669
P04,Face_Party,rule=mean;visual=0.00;diversity=0.10,0.29314954051796155,0.04225352112676056,0.125,0.06315789473684211,0.04225352112676056,0.0,0.16770153082236106,"[210, 211, 232, 235, 237, 239, 242, 264, 270, 329, 332, 339, 378, 414, 423, 439, 452, 454, 460, 471, 485, 497, 506, 507, 508, 517, 519, 530, 551, 595, 596, 653, 669, 739, 843, 873, 909, 915, 941, 975, 993, 997, 1022, 1027, 1043, 1044, 1050, 1091, 1302, 1542, 1545, 1546, 1687, 1714, 1732, 1836, 1874, 1885, 1902, 1940, 1971, 1975, 2104, 2139, 2141, 2145, 2151, 2159, 2160, 2165, 2244]",Ours-Nested-Intent-Selector,P04,0.5204387427309669
P04,Food_Garden,rule=mean;visual=0.00;diversity=0.10,0.30903583595891293,0.028169014084507043,0.06060606060606061,0.038461538461538464,0.1267605633802817,0.0,0.2178981996695973,"[187, 189, 191, 475, 477, 482, 491, 493, 498, 500, 928, 929, 944, 945, 946, 947, 949, 954, 955, 956, 957, 959, 965, 998, 999, 1003, 1004, 1005, 1006, 1007, 1008, 1010, 1011, 1012, 1014, 1016, 1019, 1024, 1028, 1034, 1036, 1037, 1043, 1045, 1048, 1053, 1065, 1066, 1068, 1090, 1275, 1687, 1689, 1698, 1996, 2003, 2005, 2007, 2008, 2010, 2018, 2026, 2034, 2113, 2114, 2116, 2117, 2119, 2122, 2126, 2154]",Ours-Nested-Intent-Selector,P04,0.5204387427309669
P04,Food_Sky,rule=mean;visual=0.00;diversity=0.10,0.33240723677616885,0.07042253521126761,0.15625,0.0970873786407767,0.5352112676056338,0.0,0.4338092521909013,"[482, 493, 498, 920, 942, 944, 954, 956, 957, 959, 962, 964, 999, 1000, 1001, 1004, 1005, 1006, 1008, 1009, 1014, 1016, 1023, 1024, 1026, 1027, 1028, 1037, 1038, 1041, 1045, 1058, 1061, 1062, 1064, 1065, 1066, 1091, 1183, 1228, 1328, 1548, 2000, 2005, 2007, 2008, 2010, 2016, 2017, 2018, 2019, 2021, 2022, 2023, 2026, 2027, 2033, 2034, 2036, 2037, 2091, 2095, 2096, 2097, 2099, 2101, 2102, 2117, 2122, 2150, 2155]",Ours-Nested-Intent-Selector,P04,0.5204387427309669
P04,Food_Street,rule=mean;visual=0.00;diversity=0.10,0.45795454545454545,0.07042253521126761,0.1111111111111111,0.08620689655172413,0.8873239436619719,0.0,0.6726392445582586,"[187, 189, 191, 479, 482, 493, 500, 920, 931, 942, 944, 954, 956, 957, 959, 962, 964, 999, 1000, 1001, 1004, 1005, 1006, 1008, 1009, 1014, 1016, 1024, 1026, 1028, 1037, 1045, 1064, 1065, 1183, 1228, 2000, 2005, 2007, 2008, 2010, 2016, 2017, 2018, 2019, 2020, 2021, 2022, 2023, 2027, 2028, 2033, 2034, 2036, 2037, 2091, 2095, 2096, 2097, 2098, 2099, 2101, 2102, 2107, 2110, 2111, 2116, 2117, 2118, 2122, 2151]",Ours-Nested-Intent-Selector,P04,0.5204387427309669
P04,Garden_Hall,rule=mean;visual=0.00;diversity=0.10,0.36167814373921253,0.08450704225352113,0.1,0.09160305343511452,0.11267605633802817,0.0,0.23717710003862036,"[191, 471, 475, 477, 482, 487, 490, 493, 494, 497, 500, 501, 506, 528, 923, 924, 926, 928, 929, 932, 937, 944, 946, 947, 948, 949, 953, 954, 955, 957, 959, 964, 1003, 1005, 1006, 1008, 1020, 1024, 1028, 1035, 1039, 1040, 1043, 1045, 1047, 1048, 1063, 1090, 1683, 1697, 1699, 1994, 1995, 1998, 2005, 2006, 2008, 2010, 2026, 2034, 2087, 2116, 2117, 2122, 2126, 2128, 2144, 2145, 2146, 2154, 2160]",Ours-Nested-Intent-Selector,P04,0.5204387427309669
P04,Garden_Office,rule=mean;visual=0.00;diversity=0.10,0.3476410063366585,0.0,0.0,0.0,0.09859154929577464,0.0,0.22311627781621657,"[477, 482, 493, 563, 564, 671, 723, 926, 945, 948, 954, 998, 1008, 1020, 1028, 1037, 1040, 1043, 1090, 1096, 1117, 1128, 1141, 1142, 1148, 1160, 1187, 1191, 1192, 1194, 1198, 1199, 1200, 1201, 1207, 1210, 1211, 1215, 1217, 1219, 1227, 1247, 1284, 1287, 1317, 1329, 1376, 1420, 1429, 1432, 1434, 1436, 1446, 1486, 1677, 1806, 1836, 2026, 2122, 2128, 2312, 2317, 2332, 2343, 2344, 2348, 2359, 2371, 2399, 2443, 2447]",Ours-Nested-Intent-Selector,P04,0.5204387427309669
P04,Garden_Sign,rule=mean;visual=0.00;diversity=0.10,0.3726785014395633,0.014084507042253521,0.023809523809523808,0.017699115044247787,0.11267605633802817,0.0,0.24267727888879576,"[189, 192, 193, 197, 475, 477, 482, 490, 493, 497, 500, 924, 942, 944, 945, 947, 949, 955, 956, 957, 998, 999, 1000, 1001, 1003, 1004, 1005, 1006, 1007, 1008, 1014, 1016, 1020, 1023, 1024, 1035, 1037, 1039, 1040, 1043, 1045, 1057, 1063, 1064, 1080, 1090, 1683, 1693, 1995, 1998, 1999, 2003, 2005, 2007, 2008, 2015, 2016, 2018, 2026, 2033, 2034, 2036, 2088, 2105, 2111, 2114, 2116, 2118, 2120, 2122, 2128]",Ours-Nested-Intent-Selector,P04,0.5204387427309669
P04,Hall_Lady,rule=mean;visual=0.00;diversity=0.10,0.4336528550814264,0.08450704225352113,0.14634146341463414,0.10714285714285714,0.8309859154929577,0.3380281690140845,0.6323193852871921,"[202, 207, 216, 224, 235, 243, 247, 252, 253, 258, 259, 261, 270, 272, 279, 303, 309, 316, 321, 324, 335, 336, 342, 349, 353, 356, 357, 375, 379, 382, 383, 386, 389, 395, 414, 416, 421, 433, 439, 442, 446, 452, 460, 461, 507, 508, 517, 519, 520, 523, 530, 550, 551, 596, 739, 828, 873, 875, 909, 915, 916, 969, 972, 975, 1714, 1885, 2138, 2140, 2160, 2169, 2244]",Ours-Nested-Intent-Selector,P04,0.5204387427309669
P04,Hall_Park,rule=mean;visual=0.00;diversity=0.10,0.5207136179792431,0.14084507042253522,0.17543859649122806,0.15625,0.3380281690140845,0.0,0.4293708934966638,"[461, 477, 481, 484, 485, 487, 488, 490, 493, 494, 497, 501, 503, 504, 506, 508, 520, 523, 528, 530, 596, 621, 804, 811, 828, 873, 875, 905, 915, 916, 924, 926, 927, 932, 933, 940, 941, 964, 972, 1003, 1022, 1023, 1047, 1048, 1063, 1090, 1683, 1693, 1714, 1971, 1975, 1995, 1996, 1998, 1999, 2006, 2015, 2064, 2105, 2109, 2138, 2139, 2140, 2141, 2145, 2151, 2160, 2166, 2167, 2169, 2244]",Ours-Nested-Intent-Selector,P04,0.5204387427309669
P04,Hall_Student,rule=mean;visual=0.00;diversity=0.10,0.3888124221457555,0.028169014084507043,0.05405405405405406,0.037037037037037035,0.6338028169014085,0.1267605633802817,0.511307619523582,"[157, 202, 210, 212, 213, 216, 217, 224, 237, 243, 254, 259, 279, 309, 321, 324, 328, 332, 337, 340, 344, 351, 361, 363, 383, 389, 401, 407, 411, 412, 416, 433, 439, 446, 451, 461, 520, 528, 530, 550, 551, 595, 596, 739, 804, 828, 843, 873, 891, 893, 905, 915, 916, 926, 975, 1050, 1546, 1703, 1710, 1714, 1722, 1732, 1836, 1902, 1968, 1975, 2138, 2139, 2166, 2167, 2169]",Ours-Nested-Intent-Selector,P04,0.5204387427309669
P04,Hands_Lady,rule=mean;visual=0.00;diversity=0.10,0.32361616161616164,0.028169014084507043,0.06896551724137931,0.039999999999999994,0.9436619718309859,0.04225352112676056,0.6336390667235737,"[204, 208, 210, 234, 236, 260, 270, 285, 316, 329, 438, 439, 440, 474, 507, 508, 517, 986, 989, 990, 1360, 1366, 1371, 1719, 1834, 1885, 2038, 2140, 2160, 3069, 3081, 3099, 3209, 3220, 3232, 3236, 3430, 3431, 3433, 3439, 3456, 3458, 3459, 3461, 3462, 3463, 3472, 3473, 3474, 3475, 3478, 3479, 3480, 3484, 3485, 3488, 3489, 3492, 3493, 3494, 3503, 3504, 3505, 3507, 3512, 3515, 3517, 3520, 3523, 3525, 3526]",Ours-Nested-Intent-Selector,P04,0.5204387427309669
P04,Lady_Boat,rule=mean;visual=0.00;diversity=0.10,0.4808604975271642,0.056338028169014086,0.08695652173913043,0.06837606837606837,0.4647887323943662,0.0,0.4728246149607652,"[187, 213, 235, 251, 253, 258, 265, 271, 288, 302, 303, 305, 309, 311, 316, 320, 335, 339, 353, 371, 379, 397, 421, 438, 439, 440, 452, 471, 474, 475, 476, 487, 488, 498, 501, 506, 507, 508, 519, 823, 831, 874, 916, 940, 941, 975, 982, 988, 1027, 1050, 1302, 1719, 1885, 2002, 2008, 2023, 2104, 2114, 2117, 2119, 2140, 2144, 2145, 2151, 2159, 2160, 2165, 2169, 2231, 2244, 2245]",Ours-Nested-Intent-Selector,P04,0.5204387427309669
P04,Men_Sun,rule=mean;visual=0.00;diversity=0.10,0.3446847701564682,0.11267605633802817,0.22857142857142856,0.1509433962264151,0.7887323943661971,0.056338028169014086,0.5667085822613327,"[199, 471, 474, 475, 477, 485, 487, 488, 489, 493, 494, 497, 498, 500, 501, 503, 504, 506, 924, 926, 929, 932, 933, 940, 941, 949, 954, 956, 957, 958, 959, 964, 997, 999, 1003, 1004, 1005, 1006, 1007, 1014, 1020, 1022, 1090, 1091, 1228, 1546, 1693, 1971, 1975, 1995, 1996, 1997, 1998, 1999, 2002, 2003, 2004, 2006, 2009, 2010, 2011, 2018, 2037, 2104, 2105, 2106, 2111, 2125, 2145, 2151, 2160]",Ours-Nested-Intent-Selector,P04,0.5204387427309669
P04,Office_Boat,rule=mean;visual=0.00;diversity=0.10,0.3047180498073355,0.0,0.0,0.0,0.056338028169014086,0.0,0.1805280389881748,"[411, 1306, 1442, 1556, 1615, 1678, 1816, 1817, 1819, 1865, 2298, 2312, 2313, 2314, 2316, 2317, 2320, 2332, 2337, 2339, 2341, 2343, 2344, 2348, 2349, 2350, 2351, 2353, 2355, 2356, 2358, 2359, 2360, 2361, 2362, 2363, 2364, 2365, 2367, 2399, 2417, 2418, 2420, 2426, 2431, 2432, 2443, 2447, 2451, 2459, 2461, 2462, 2472, 2489, 2490, 2494, 2496, 2508, 2538, 2567, 2590, 2597, 2599, 2744, 2746, 2751, 2755, 2757, 2803, 2808, 2809]",Ours-Nested-Intent-Selector,P04,0.5204387427309669
P04,Office_Park,rule=mean;visual=0.00;diversity=0.10,0.3554323600376232,0.0,0.0,0.0,0.19718309859154928,0.0,0.27630772931458625,"[408, 484, 559, 561, 563, 565, 567, 570, 571, 572, 574, 575, 623, 626, 630, 671, 708, 723, 732, 926, 1090, 1096, 1117, 1128, 1141, 1142, 1148, 1160, 1163, 1187, 1192, 1194, 1196, 1207, 1210, 1211, 1217, 1219, 1233, 1247, 1276, 1287, 1317, 1397, 1429, 1446, 1780, 1782, 1786, 1787, 1789, 1795, 1806, 1836, 1837, 1840, 1842, 1874, 1888, 1889, 1902, 1904, 1998, 2015, 2145, 2312, 2344, 2348, 2417, 2420, 2447]",Ours-Nested-Intent-Selector,P04,0.5204387427309669
P04,Park_Sun,rule=mean;visual=0.00;diversity=0.10,0.31789776361204924,0.07042253521126761,0.14705882352941177,0.09523809523809525,0.29577464788732394,0.028169014084507043,0.3068362057496866,"[197, 477, 481, 488, 490, 492, 493, 497, 500, 920, 924, 926, 928, 929, 940, 945, 954, 956, 957, 958, 959, 964, 999, 1003, 1004, 1005, 1006, 1007, 1008, 1014, 1020, 1028, 1038, 1045, 1057, 1058, 1059, 1080, 1090, 1091, 1228, 1693, 1992, 1994, 1995, 1996, 1998, 1999, 2000, 2002, 2005, 2006, 2007, 2008, 2009, 2010, 2015, 2016, 2017, 2018, 2019, 2034, 2036, 2102, 2105, 2106, 2109, 2145, 2151, 2152, 2155]",Ours-Nested-Intent-Selector,P04,0.5204387427309669
P04,Phone_Baby,rule=mean;visual=0.00;diversity=0.10,0.33929647072504215,0.056338028169014086,0.11764705882352941,0.07619047619047618,0.09859154929577464,0.0,0.2189440100104084,"[21, 444, 556, 567, 568, 590, 603, 654, 669, 751, 771, 815, 836, 858, 860, 902, 986, 989, 990, 1252, 1334, 1360, 1416, 1606, 1636, 1650, 1674, 1708, 1714, 1718, 1785, 1875, 1877, 1879, 1880, 1882, 1883, 1885, 1904, 1977, 2262, 2489, 2533, 2811, 2821, 2825, 2829, 2836, 2951, 2971, 2995, 3011, 3014, 3016, 3023, 3024, 3137, 3164, 3176, 3183, 3196, 3198, 3199, 3211, 3227, 3235, 3276, 3301, 3468, 3500, 3506]",Ours-Nested-Intent-Selector,P04,0.5204387427309669
P04,Room_Boat,rule=mean;visual=0.00;diversity=0.10,0.39196983141082514,0.014084507042253521,0.020833333333333332,0.016806722689075633,0.7887323943661971,0.0,0.5903511128885112,"[15, 52, 59, 81, 83, 84, 86, 88, 89, 98, 100, 101, 104, 108, 109, 110, 113, 114, 119, 120, 122, 127, 128, 134, 135, 140, 141, 151, 155, 157, 159, 162, 170, 175, 177, 178, 988, 2171, 2231, 2252, 2253, 2517, 2521, 2522, 2523, 2524, 2525, 2526, 2527, 2528, 2530, 2531, 2534, 2535, 2539, 2545, 2549, 2609, 2611, 3208, 3218, 3250, 3279, 3280, 3282, 3283, 3285, 3287, 3288, 3469, 3502]",Ours-Nested-Intent-Selector,P04,0.5204387427309669
P04,Room_Window,rule=mean;visual=0.00;diversity=0.10,0.36572122845707744,0.056338028169014086,0.11428571428571428,0.07547169811320754,0.8732394366197183,0.3380281690140845,0.6194803325383978,"[12, 15, 17, 39, 45, 51, 52, 53, 54, 55, 59, 61, 62, 69, 83, 93, 96, 99, 100, 101, 122, 135, 138, 145, 154, 159, 175, 552, 633, 668, 671, 707, 732, 820, 910, 918, 1704, 1705, 1721, 1969, 2047, 2252, 2266, 2269, 2270, 2326, 2327, 2328, 2329, 2330, 2517, 2524, 2527, 2530, 2539, 2549, 2697, 3245, 3280, 3281, 3282, 3283, 3284, 3285, 3286, 3287, 3288, 3289, 3502, 3584, 3587]",Ours-Nested-Intent-Selector,P04,0.5204387427309669
P04,School_Toy,rule=mean;visual=0.00;diversity=0.10,0.2370017023691304,0.0,0.0,0.0,0.11267605633802817,0.0,0.17483887935357928,"[351, 1169, 1351, 1508, 1815, 1816, 1817, 1819, 2058, 2461, 2481, 2538, 2543, 2567, 2597, 2683, 2720, 2780, 2803, 2807, 2808, 2809, 2932, 2943, 3175, 3193, 3221, 3249, 3261, 3263, 3265, 3266, 3271, 3293, 3297, 3302, 3306, 3312, 3323, 3324, 3325, 3328, 3352, 3358, 3359, 3364, 3365, 3367, 3371, 3374, 3387, 3425, 3432, 3436, 3440, 3441, 3450, 3451, 3452, 3453, 3455, 3456, 3458, 3466, 3470, 3477, 3491, 3495, 3501, 3524, 3582]",Ours-Nested-Intent-Selector,P04,0.5204387427309669
P04,Shoes_Baby,rule=mean;visual=0.00;diversity=0.10,0.3670090258325551,0.028169014084507043,0.06451612903225806,0.0392156862745098,0.09859154929577464,0.0,0.23280028756416488,"[180, 187, 463, 466, 467, 468, 469, 490, 497, 507, 508, 514, 528, 551, 567, 593, 596, 621, 623, 650, 652, 710, 836, 837, 858, 859, 860, 916, 917, 947, 969, 973, 977, 979, 982, 986, 988, 989, 990, 1064, 1090, 1093, 1704, 1708, 1714, 1718, 1719, 1720, 1882, 1885, 1977, 2015, 2038, 2140, 2141, 2144, 2151, 2164, 2168, 2173, 2174, 2227, 2242, 2244, 2245, 2247, 2262, 2271, 2288, 2289, 3500]",Ours-Nested-Intent-Selector,P04,0.5204387427309669
P04,Student_Flower,rule=mean;visual=0.00;diversity=0.10,0.33054489370278844,0.014084507042253521,0.030303030303030304,0.019230769230769232,0.04225352112676056,0.0,0.1863992074147745,"[470, 471, 485, 490, 494, 497, 498, 503, 937, 945, 949, 955, 956, 964, 1006, 1009, 1014, 1039, 1043, 1044, 1050, 1091, 1302, 1365, 1370, 1371, 1546, 1687, 1703, 1836, 1874, 1902, 1940, 1968, 1971, 1975, 1999, 2026, 2084, 2153, 2159, 3339, 3344, 3345, 3347, 3349, 3350, 3351, 3366, 3368, 3433, 3459, 3461, 3462, 3463, 3471, 3472, 3474, 3475, 3476, 3479, 3480, 3481, 3482, 3483, 3484, 3485, 3486, 3488, 3493, 3494]",Ours-Nested-Intent-Selector,P04,0.5204387427309669
P04,Sun_Bed,rule=mean;visual=0.00;diversity=0.10,0.30682373182373185,0.028169014084507043,0.06896551724137931,0.039999999999999994,0.11267605633802817,0.0,0.20974989408088002,"[185, 490, 492, 493, 495, 500, 920, 921, 924, 926, 927, 928, 934, 943, 944, 954, 957, 959, 960, 962, 964, 1003, 1005, 1006, 1008, 1020, 1028, 1031, 1037, 1038, 1040, 1058, 1059, 1064, 1065, 1090, 1091, 1196, 1228, 1276, 1573, 1693, 1967, 1980, 1984, 1985, 1995, 2000, 2005, 2006, 2007, 2008, 2010, 2014, 2016, 2017, 2018, 2019, 2020, 2027, 2034, 2036, 2089, 2091, 2114, 2116, 2118, 2125, 2128, 2252, 2269]",Ours-Nested-Intent-Selector,P04,0.5204387427309669
P04,Sun_Tree,rule=mean;visual=0.00;diversity=0.10,0.2873121976063152,0.056338028169014086,0.12903225806451613,0.0784313725490196,1.0,0.09859154929577464,0.6436560988031577,"[477, 481, 482, 488, 490, 492, 493, 497, 500, 920, 924, 926, 929, 934, 944, 954, 956, 957, 958, 959, 960, 962, 964, 999, 1003, 1004, 1005, 1006, 1008, 1014, 1026, 1028, 1038, 1041, 1045, 1057, 1058, 1059, 1064, 1091, 1228, 1693, 1995, 1998, 1999, 2000, 2002, 2003, 2005, 2006, 2007, 2008, 2009, 2010, 2016, 2017, 2018, 2019, 2020, 2021, 2027, 2033, 2034, 2036, 2097, 2098, 2105, 2107, 2111, 2117, 2118]",Ours-Nested-Intent-Selector,P04,0.5204387427309669
