video,query_id,method,true_or,wrong_mean_or,margin_or,discrimination_auc_or,true_and,wrong_mean_and,margin_and,discrimination_auc_and
P01,Book_Street,Uniform,0.12727272727272726,0.21115702479338844,-0.08388429752066118,0.5568181818181818,0.0,0.036776859504132224,-0.036776859504132224,0.3522727272727273
P01,Book_Street,Visual-BiLSTM,0.34545454545454546,0.18553719008264463,0.15991735537190083,0.9090909090909091,0.0,0.015702479338842976,-0.015702479338842976,0.375
P01,Book_Street,CLIP-zero-shot,0.38181818181818183,0.21280991735537189,0.16900826446280995,0.8409090909090909,0.0,0.022727272727272728,-0.022727272727272728,0.36363636363636365
P01,Book_Street,Concept-Adapter-MMR,0.8727272727272727,0.2880165289256198,0.5847107438016529,0.8295454545454546,0.0,0.04214876033057851,-0.04214876033057851,0.45454545454545453
P01,Book_Sun,Uniform,0.03636363636363636,0.21322314049586774,-0.1768595041322314,0.125,0.0,0.036776859504132224,-0.036776859504132224,0.3522727272727273
P01,Book_Sun,Visual-BiLSTM,0.2727272727272727,0.1871900826446281,0.0855371900826446,0.8068181818181818,0.0,0.015702479338842976,-0.015702479338842976,0.375
P01,Book_Sun,CLIP-zero-shot,0.2909090909090909,0.19545454545454544,0.09545454545454546,0.7386363636363636,0.0,0.019421487603305785,-0.019421487603305785,0.3409090909090909
P01,Book_Sun,Concept-Adapter-MMR,0.6,0.18801652892561982,0.41198347107438016,0.9090909090909091,0.0,0.021900826446280993,-0.021900826446280993,0.38636363636363635
P01,Book_Tree,Uniform,0.09090909090909091,0.21198347107438015,-0.12107438016528924,0.3977272727272727,0.0,0.036776859504132224,-0.036776859504132224,0.3522727272727273
P01,Book_Tree,Visual-BiLSTM,0.34545454545454546,0.18553719008264463,0.15991735537190083,0.9090909090909091,0.0,0.015702479338842976,-0.015702479338842976,0.375
P01,Book_Tree,CLIP-zero-shot,0.36363636363636365,0.19710743801652894,0.1665289256198347,0.875,0.0,0.020661157024793386,-0.020661157024793386,0.3522727272727273
P01,Book_Tree,Concept-Adapter-MMR,0.9454545454545454,0.27851239669421485,0.6669421487603306,0.9204545454545454,0.0,0.04049586776859504,-0.04049586776859504,0.4659090909090909
P01,Building_Petsanimal,Uniform,0.14545454545454545,0.21074380165289253,-0.06528925619834708,0.6022727272727273,0.0,0.036776859504132224,-0.036776859504132224,0.3522727272727273
P01,Building_Petsanimal,Visual-BiLSTM,0.14545454545454545,0.19008264462809918,-0.04462809917355373,0.5,0.0,0.015702479338842976,-0.015702479338842976,0.375
P01,Building_Petsanimal,CLIP-zero-shot,0.12727272727272726,0.18801652892561982,-0.06074380165289256,0.5454545454545454,0.0,0.02024793388429752,-0.02024793388429752,0.36363636363636365
P01,Building_Petsanimal,Concept-Adapter-MMR,0.7636363636363637,0.2504132231404959,0.5132231404958678,0.8863636363636364,0.0,0.03264462809917356,-0.03264462809917356,0.4431818181818182
P01,Car_Petsanimal,Uniform,0.09090909090909091,0.21198347107438015,-0.12107438016528924,0.3977272727272727,0.0,0.036776859504132224,-0.036776859504132224,0.3522727272727273
P01,Car_Petsanimal,Visual-BiLSTM,0.14545454545454545,0.19008264462809918,-0.04462809917355373,0.5,0.0,0.015702479338842976,-0.015702479338842976,0.375
P01,Car_Petsanimal,CLIP-zero-shot,0.32727272727272727,0.2016528925619835,0.12561983471074378,0.8409090909090909,0.0,0.017355371900826446,-0.017355371900826446,0.38636363636363635
P01,Car_Petsanimal,Concept-Adapter-MMR,1.0,0.27892561983471076,0.7210743801652892,1.0,0.0,0.03884297520661157,-0.03884297520661157,0.45454545454545453
P01,Chair_Desk,Uniform,0.45454545454545453,0.2037190082644628,0.2508264462809917,0.8636363636363636,0.14545454545454545,0.033471074380165285,0.11198347107438017,0.9318181818181818
P01,Chair_Desk,Visual-BiLSTM,0.23636363636363636,0.18801652892561982,0.04834710743801654,0.7272727272727273,0.09090909090909091,0.013636363636363636,0.07727272727272727,0.9318181818181818
P01,Chair_Desk,CLIP-zero-shot,0.4909090909090909,0.17603305785123968,0.3148760330578512,0.9204545454545454,0.2,0.013223140495867768,0.18677685950413225,1.0
P01,Chair_Desk,Concept-Adapter-MMR,0.6909090909090909,0.30454545454545456,0.38636363636363635,0.8181818181818182,0.2545454545454545,0.08719008264462809,0.16735537190082644,0.8409090909090909
P01,Chair_Men,Uniform,0.4909090909090909,0.20289256198347108,0.2880165289256198,0.8863636363636364,0.32727272727272727,0.02933884297520661,0.29793388429752066,1.0
P01,Chair_Men,Visual-BiLSTM,0.2727272727272727,0.1871900826446281,0.0855371900826446,0.8068181818181818,0.10909090909090909,0.013223140495867768,0.09586776859504131,0.9659090909090909
P01,Chair_Men,CLIP-zero-shot,0.6181818181818182,0.20330578512396694,0.41487603305785126,0.9318181818181818,0.18181818181818182,0.02520661157024793,0.1566115702479339,0.9545454545454546
P01,Chair_Men,Concept-Adapter-MMR,0.9818181818181818,0.3078512396694215,0.6739669421487603,0.9431818181818182,0.5272727272727272,0.08429752066115703,0.4429752066115702,0.9545454545454546
P01,Computer_Boat,Uniform,0.07272727272727272,0.21239669421487603,-0.1396694214876033,0.2840909090909091,0.0,0.036776859504132224,-0.036776859504132224,0.3522727272727273
P01,Computer_Boat,Visual-BiLSTM,0.18181818181818182,0.1892561983471074,-0.0074380165289255895,0.625,0.0,0.015702479338842976,-0.015702479338842976,0.375
P01,Computer_Boat,CLIP-zero-shot,0.4909090909090909,0.17603305785123965,0.3148760330578513,0.9204545454545454,0.0,0.013223140495867768,-0.013223140495867768,0.375
P01,Computer_Boat,Concept-Adapter-MMR,0.9818181818181818,0.11239669421487605,0.8694214876033057,1.0,0.0,0.01115702479338843,-0.01115702479338843,0.42045454545454547
P01,Cupglass_Garden,Uniform,0.12727272727272726,0.21115702479338844,-0.08388429752066118,0.5568181818181818,0.0,0.036776859504132224,-0.036776859504132224,0.3522727272727273
P01,Cupglass_Garden,Visual-BiLSTM,0.16363636363636364,0.18966942148760327,-0.026033057851239633,0.5681818181818182,0.0,0.015702479338842976,-0.015702479338842976,0.375
P01,Cupglass_Garden,CLIP-zero-shot,0.2545454545454545,0.1859504132231405,0.06859504132231403,0.7727272727272727,0.0,0.02024793388429752,-0.02024793388429752,0.36363636363636365
P01,Cupglass_Garden,Concept-Adapter-MMR,0.34545454545454546,0.3173553719008264,0.028099173553719048,0.625,0.0,0.09752066115702479,-0.09752066115702479,0.3522727272727273
P01,Desk_Face,Uniform,0.36363636363636365,0.20578512396694215,0.1578512396694215,0.7954545454545454,0.03636363636363636,0.03595041322314049,0.00041322314049586917,0.75
P01,Desk_Face,Visual-BiLSTM,0.2545454545454545,0.18760330578512396,0.06694214876033056,0.7727272727272727,0.0,0.015702479338842976,-0.015702479338842976,0.375
P01,Desk_Face,CLIP-zero-shot,0.5636363636363636,0.19504132231404955,0.368595041322314,0.8977272727272727,0.10909090909090909,0.03512396694214876,0.07396694214876032,0.8636363636363636
P01,Desk_Face,Concept-Adapter-MMR,0.7090909090909091,0.2962809917355372,0.4128099173553719,0.8295454545454546,0.21818181818181817,0.09421487603305785,0.12396694214876032,0.7954545454545454
P01,Desk_Hands,Uniform,0.7272727272727273,0.1975206611570248,0.5297520661157025,0.9772727272727273,0.10909090909090909,0.034297520661157016,0.07479338842975207,0.8863636363636364
P01,Desk_Hands,Visual-BiLSTM,0.6181818181818182,0.17933884297520664,0.43884297520661153,0.9659090909090909,0.12727272727272726,0.0128099173553719,0.11446280991735536,1.0
P01,Desk_Hands,CLIP-zero-shot,0.8181818181818182,0.1768595041322314,0.6413223140495868,1.0,0.14545454545454545,0.024793388429752063,0.12066115702479338,0.9318181818181818
P01,Desk_Hands,Concept-Adapter-MMR,0.8727272727272727,0.28140495867768595,0.5913223140495867,0.9318181818181818,0.2727272727272727,0.0871900826446281,0.1855371900826446,0.8522727272727273
P01,Desk_Office,Uniform,0.23636363636363636,0.20867768595041322,0.027685950413223137,0.6704545454545454,0.0,0.036776859504132224,-0.036776859504132224,0.3522727272727273
P01,Desk_Office,Visual-BiLSTM,0.16363636363636364,0.18966942148760327,-0.026033057851239633,0.5681818181818182,0.01818181818181818,0.015289256198347107,0.0028925619834710738,0.7954545454545454
P01,Desk_Office,CLIP-zero-shot,0.4,0.1756198347107438,0.22438016528925622,0.8181818181818182,0.05454545454545454,0.01983471074380165,0.03471074380165289,0.8522727272727273
P01,Desk_Office,Concept-Adapter-MMR,0.5636363636363636,0.26404958677685947,0.29958677685950413,0.8181818181818182,0.05454545454545454,0.07438016528925619,-0.019834710743801644,0.8295454545454546
P01,Drink_Face,Uniform,0.2727272727272727,0.2078512396694215,0.0648760330578512,0.7386363636363636,0.05454545454545454,0.03553719008264462,0.019008264462809926,0.7840909090909091
P01,Drink_Face,Visual-BiLSTM,0.2,0.18884297520661156,0.011157024793388454,0.6590909090909091,0.0,0.015702479338842976,-0.015702479338842976,0.375
P01,Drink_Face,CLIP-zero-shot,0.7454545454545455,0.27768595041322314,0.46776859504132234,0.8636363636363636,0.18181818181818182,0.07396694214876032,0.1078512396694215,0.8068181818181818
P01,Drink_Face,Concept-Adapter-MMR,0.7454545454545455,0.31157024793388427,0.4338842975206612,0.8409090909090909,0.23636363636363636,0.09338842975206613,0.14297520661157023,0.8181818181818182
P01,Drink_Food,Uniform,0.41818181818181815,0.20454545454545459,0.21363636363636357,0.8409090909090909,0.07272727272727272,0.035123966942148754,0.03760330578512397,0.8295454545454546
P01,Drink_Food,Visual-BiLSTM,0.16363636363636364,0.18966942148760327,-0.026033057851239633,0.5681818181818182,0.01818181818181818,0.015289256198347107,0.0028925619834710738,0.7954545454545454
P01,Drink_Food,CLIP-zero-shot,0.8545454545454545,0.2227272727272727,0.6318181818181818,0.9545454545454546,0.23636363636363636,0.045454545454545456,0.19090909090909092,0.9431818181818182
P01,Drink_Food,Concept-Adapter-MMR,0.9818181818181818,0.29545454545454547,0.6863636363636363,0.9318181818181818,0.5272727272727272,0.09090909090909091,0.4363636363636363,0.9318181818181818
P01,Drink_Musicalinstrument,Uniform,0.16363636363636364,0.21033057851239673,-0.04669421487603309,0.6363636363636364,0.0,0.036776859504132224,-0.036776859504132224,0.3522727272727273
P01,Drink_Musicalinstrument,Visual-BiLSTM,0.10909090909090909,0.1909090909090909,-0.0818181818181818,0.3181818181818182,0.0,0.015702479338842976,-0.015702479338842976,0.375
P01,Drink_Musicalinstrument,CLIP-zero-shot,0.16363636363636364,0.2016528925619835,-0.03801652892561985,0.6022727272727273,0.0,0.029338842975206614,-0.029338842975206614,0.375
P01,Drink_Musicalinstrument,Concept-Adapter-MMR,0.5454545454545454,0.3004132231404959,0.24504132231404951,0.7272727272727273,0.0,0.09504132231404959,-0.09504132231404959,0.36363636363636365
P01,Face_Party,Uniform,0.23636363636363636,0.20867768595041322,0.027685950413223137,0.6704545454545454,0.01818181818181818,0.03636363636363636,-0.01818181818181818,0.7272727272727273
P01,Face_Party,Visual-BiLSTM,0.09090909090909091,0.19132231404958677,-0.10041322314049586,0.20454545454545456,0.01818181818181818,0.015289256198347107,0.0028925619834710738,0.7954545454545454
P01,Face_Party,CLIP-zero-shot,0.21818181818181817,0.24504132231404963,-0.026859504132231454,0.5681818181818182,0.01818181818181818,0.04917355371900827,-0.03099173553719009,0.7386363636363636
P01,Face_Party,Concept-Adapter-MMR,0.6181818181818182,0.3165289256198347,0.30165289256198347,0.7613636363636364,0.14545454545454545,0.09834710743801653,0.04710743801652892,0.7727272727272727
P01,Face_Phone,Uniform,0.2545454545454545,0.20826446280991737,0.04628099173553715,0.7045454545454546,0.0,0.036776859504132224,-0.036776859504132224,0.3522727272727273
P01,Face_Phone,Visual-BiLSTM,0.3090909090909091,0.18636363636363634,0.12272727272727274,0.8636363636363636,0.0,0.015702479338842976,-0.015702479338842976,0.375
P01,Face_Phone,CLIP-zero-shot,0.7454545454545455,0.2161157024793388,0.5293388429752066,0.9318181818181818,0.03636363636363636,0.03677685950413223,-0.00041322314049586917,0.7727272727272727
P01,Face_Phone,Concept-Adapter-MMR,0.5454545454545454,0.3033057851239669,0.24214876033057853,0.6931818181818182,0.09090909090909091,0.09297520661157024,-0.002066115702479332,0.7727272727272727
P01,Food_Grass,Uniform,0.32727272727272727,0.2066115702479339,0.12066115702479338,0.7727272727272727,0.0,0.036776859504132224,-0.036776859504132224,0.3522727272727273
P01,Food_Grass,Visual-BiLSTM,0.09090909090909091,0.19132231404958677,-0.10041322314049586,0.20454545454545456,0.0,0.015702479338842976,-0.015702479338842976,0.375
P01,Food_Grass,CLIP-zero-shot,0.7818181818181819,0.2144628099173554,0.5673553719008264,0.9204545454545454,0.0,0.04173553719008265,-0.04173553719008265,0.36363636363636365
P01,Food_Grass,Concept-Adapter-MMR,1.0,0.19256198347107434,0.8074380165289257,0.9545454545454546,0.0,0.03719008264462809,-0.03719008264462809,0.38636363636363635
P01,Food_Hands,Uniform,0.7090909090909091,0.19793388429752065,0.5111570247933884,0.9545454545454546,0.21818181818181817,0.03181818181818181,0.18636363636363637,0.9545454545454546
P01,Food_Hands,Visual-BiLSTM,0.6181818181818182,0.17933884297520664,0.43884297520661153,0.9659090909090909,0.03636363636363636,0.01487603305785124,0.02148760330578512,0.8409090909090909
P01,Food_Hands,CLIP-zero-shot,0.9090909090909091,0.22314049586776863,0.6859504132231404,1.0,0.5636363636363636,0.03925619834710744,0.5243801652892561,1.0
P01,Food_Hands,Concept-Adapter-MMR,1.0,0.2066115702479339,0.7933884297520661,1.0,0.8545454545454545,0.025206611570247936,0.8293388429752065,1.0
P01,Food_Men,Uniform,0.6727272727272727,0.19876033057851242,0.47396694214876034,0.9318181818181818,0.10909090909090909,0.03429752066115702,0.07479338842975206,0.8863636363636364
P01,Food_Men,Visual-BiLSTM,0.2909090909090909,0.18677685950413225,0.10413223140495864,0.8409090909090909,0.0,0.015702479338842976,-0.015702479338842976,0.375
P01,Food_Men,CLIP-zero-shot,0.8545454545454545,0.24504132231404957,0.609504132231405,1.0,0.43636363636363634,0.05495867768595041,0.3814049586776859,0.9772727272727273
P01,Food_Men,Concept-Adapter-MMR,1.0,0.2987603305785124,0.7012396694214875,0.9886363636363636,0.8909090909090909,0.08760330578512397,0.8033057851239669,1.0
P01,Food_Sky,Uniform,0.4,0.2049586776859504,0.1950413223140496,0.8181818181818182,0.0,0.036776859504132224,-0.036776859504132224,0.3522727272727273
P01,Food_Sky,Visual-BiLSTM,0.14545454545454545,0.19008264462809918,-0.04462809917355373,0.5,0.0,0.015702479338842976,-0.015702479338842976,0.375
P01,Food_Sky,CLIP-zero-shot,0.6181818181818182,0.23719008264462813,0.38099173553719,0.8863636363636364,0.0,0.04008264462809918,-0.04008264462809918,0.3409090909090909
P01,Food_Sky,Concept-Adapter-MMR,1.0,0.19380165289256202,0.806198347107438,0.9886363636363636,0.0,0.02975206611570248,-0.02975206611570248,0.375
P01,Grass_Hall,Uniform,0.05454545454545454,0.21280991735537189,-0.15826446280991735,0.2159090909090909,0.0,0.036776859504132224,-0.036776859504132224,0.3522727272727273
P01,Grass_Hall,Visual-BiLSTM,0.09090909090909091,0.19132231404958677,-0.10041322314049586,0.20454545454545456,0.0,0.015702479338842976,-0.015702479338842976,0.375
P01,Grass_Hall,CLIP-zero-shot,0.2727272727272727,0.19462809917355373,0.07809917355371898,0.6477272727272727,0.0,0.023553719008264463,-0.023553719008264463,0.3409090909090909
P01,Grass_Hall,Concept-Adapter-MMR,0.34545454545454546,0.19917355371900827,0.14628099173553719,0.8181818181818182,0.0,0.01652892561983471,-0.01652892561983471,0.375
P01,Grass_Kids,Uniform,0.05454545454545454,0.21280991735537189,-0.15826446280991735,0.2159090909090909,0.0,0.036776859504132224,-0.036776859504132224,0.3522727272727273
P01,Grass_Kids,Visual-BiLSTM,0.01818181818181818,0.19297520661157022,-0.17479338842975203,0.03409090909090909,0.0,0.015702479338842976,-0.015702479338842976,0.375
P01,Grass_Kids,CLIP-zero-shot,0.01818181818181818,0.23512396694214877,-0.21694214876033058,0.056818181818181816,0.0,0.03925619834710743,-0.03925619834710743,0.32954545454545453
P01,Grass_Kids,Concept-Adapter-MMR,0.09090909090909091,0.28057851239669424,-0.18966942148760332,0.3522727272727273,0.0,0.030991735537190087,-0.030991735537190087,0.4659090909090909
P01,Grass_Phone,Uniform,0.09090909090909091,0.21198347107438015,-0.12107438016528924,0.3977272727272727,0.0,0.036776859504132224,-0.036776859504132224,0.3522727272727273
P01,Grass_Phone,Visual-BiLSTM,0.23636363636363636,0.18801652892561982,0.04834710743801654,0.7272727272727273,0.0,0.015702479338842976,-0.015702479338842976,0.375
P01,Grass_Phone,CLIP-zero-shot,0.7272727272727273,0.19504132231404958,0.5322314049586777,0.8863636363636364,0.0,0.017768595041322315,-0.017768595041322315,0.3522727272727273
P01,Grass_Phone,Concept-Adapter-MMR,0.21818181818181817,0.24669421487603305,-0.028512396694214875,0.6022727272727273,0.0,0.026859504132231402,-0.026859504132231402,0.4659090909090909
P01,Grass_Shoes,Uniform,0.03636363636363636,0.21322314049586774,-0.1768595041322314,0.125,0.0,0.036776859504132224,-0.036776859504132224,0.3522727272727273
P01,Grass_Shoes,Visual-BiLSTM,0.12727272727272726,0.19049586776859503,-0.06322314049586777,0.4318181818181818,0.0,0.015702479338842976,-0.015702479338842976,0.375
P01,Grass_Shoes,CLIP-zero-shot,0.38181818181818183,0.16239669421487604,0.2194214876033058,0.8977272727272727,0.0,0.011570247933884297,-0.011570247933884297,0.36363636363636365
P01,Grass_Shoes,Concept-Adapter-MMR,0.16363636363636364,0.278099173553719,-0.11446280991735536,0.5909090909090909,0.0,0.031818181818181815,-0.031818181818181815,0.4659090909090909
P01,Grass_Student,Uniform,0.01818181818181818,0.21363636363636365,-0.19545454545454546,0.056818181818181816,0.0,0.036776859504132224,-0.036776859504132224,0.3522727272727273
P01,Grass_Student,Visual-BiLSTM,0.05454545454545454,0.19214876033057848,-0.13760330578512395,0.11363636363636363,0.0,0.015702479338842976,-0.015702479338842976,0.375
P01,Grass_Student,CLIP-zero-shot,0.01818181818181818,0.2144628099173554,-0.1962809917355372,0.07954545454545454,0.0,0.030578512396694214,-0.030578512396694214,0.32954545454545453
P01,Grass_Student,Concept-Adapter-MMR,0.05454545454545454,0.25206611570247933,-0.1975206611570248,0.18181818181818182,0.0,0.0256198347107438,-0.0256198347107438,0.3977272727272727
P01,Hall_Garden,Uniform,0.05454545454545454,0.21280991735537189,-0.15826446280991735,0.2159090909090909,0.0,0.036776859504132224,-0.036776859504132224,0.3522727272727273
P01,Hall_Garden,Visual-BiLSTM,0.07272727272727272,0.19173553719008263,-0.1190082644628099,0.1590909090909091,0.0,0.015702479338842976,-0.015702479338842976,0.375
P01,Hall_Garden,CLIP-zero-shot,0.3090909090909091,0.19173553719008266,0.11735537190082643,0.7840909090909091,0.0,0.01652892561983471,-0.01652892561983471,0.36363636363636365
P01,Hall_Garden,Concept-Adapter-MMR,0.34545454545454546,0.20661157024793386,0.1388429752066116,0.8181818181818182,0.0,0.01900826446280992,-0.01900826446280992,0.38636363636363635
P01,Hands_Men,Uniform,0.7636363636363637,0.19669421487603306,0.5669421487603306,1.0,0.2909090909090909,0.030165289256198345,0.26074380165289257,0.9772727272727273
P01,Hands_Men,Visual-BiLSTM,0.6909090909090909,0.17768595041322316,0.5132231404958678,1.0,0.10909090909090909,0.01322314049586777,0.09586776859504131,0.9659090909090909
P01,Hands_Men,CLIP-zero-shot,0.9636363636363636,0.23719008264462804,0.7264462809917356,1.0,0.5272727272727272,0.05,0.47727272727272724,1.0
P01,Hands_Men,Concept-Adapter-MMR,1.0,0.31074380165289256,0.6892561983471075,0.9545454545454546,0.7818181818181819,0.09297520661157024,0.6888429752066116,0.9772727272727273
P01,Hat_Phone,Uniform,0.09090909090909091,0.21198347107438015,-0.12107438016528924,0.3977272727272727,0.0,0.036776859504132224,-0.036776859504132224,0.3522727272727273
P01,Hat_Phone,Visual-BiLSTM,0.21818181818181817,0.1884297520661157,0.02975206611570247,0.6818181818181818,0.0,0.015702479338842976,-0.015702479338842976,0.375
P01,Hat_Phone,CLIP-zero-shot,0.6181818181818182,0.21900826446280988,0.3991735537190083,0.8863636363636364,0.0,0.031818181818181815,-0.031818181818181815,0.36363636363636365
P01,Hat_Phone,Concept-Adapter-MMR,0.9818181818181818,0.18925619834710747,0.7925619834710743,0.9659090909090909,0.0,0.013223140495867768,-0.013223140495867768,0.38636363636363635
P01,Lady_Boat,Uniform,0.05454545454545454,0.21280991735537194,-0.1582644628099174,0.2159090909090909,0.0,0.036776859504132224,-0.036776859504132224,0.3522727272727273
P01,Lady_Boat,Visual-BiLSTM,0.05454545454545454,0.19214876033057848,-0.13760330578512395,0.11363636363636363,0.0,0.015702479338842976,-0.015702479338842976,0.375
P01,Lady_Boat,CLIP-zero-shot,0.10909090909090909,0.19669421487603309,-0.087603305785124,0.45454545454545453,0.0,0.01859504132231405,-0.01859504132231405,0.3522727272727273
P01,Lady_Boat,Concept-Adapter-MMR,0.7454545454545455,0.25495867768595043,0.49049586776859505,0.9090909090909091,0.0,0.043801652892561986,-0.043801652892561986,0.3409090909090909
P01,Market_Beach,Uniform,0.10909090909090909,0.21157024793388432,-0.10247933884297523,0.5113636363636364,0.0,0.036776859504132224,-0.036776859504132224,0.3522727272727273
P01,Market_Beach,Visual-BiLSTM,0.12727272727272726,0.19049586776859506,-0.0632231404958678,0.4318181818181818,0.0,0.015702479338842976,-0.015702479338842976,0.375
P01,Market_Beach,CLIP-zero-shot,0.4,0.22272727272727275,0.17727272727272728,0.8636363636363636,0.0,0.030578512396694214,-0.030578512396694214,0.3522727272727273
P01,Market_Beach,Concept-Adapter-MMR,0.7090909090909091,0.1797520661157025,0.5293388429752066,0.9772727272727273,0.0,0.013223140495867768,-0.013223140495867768,0.42045454545454547
P01,Men_Room,Uniform,0.6181818181818182,0.2,0.41818181818181815,0.9090909090909091,0.10909090909090909,0.03429752066115702,0.07479338842975206,0.8863636363636364
P01,Men_Room,Visual-BiLSTM,0.34545454545454546,0.18553719008264463,0.15991735537190083,0.9090909090909091,0.05454545454545454,0.014462809917355372,0.04008264462809917,0.8863636363636364
P01,Men_Room,CLIP-zero-shot,0.7272727272727273,0.206198347107438,0.5210743801652893,1.0,0.03636363636363636,0.024380165289256198,0.011983471074380164,0.7954545454545454
P01,Men_Room,Concept-Adapter-MMR,0.9818181818181818,0.2545454545454545,0.7272727272727273,0.9659090909090909,0.2909090909090909,0.07066115702479339,0.2202479338842975,0.9204545454545454
P01,Office_Chocolate,Uniform,0.0,0.2140495867768595,-0.2140495867768595,0.011363636363636364,0.0,0.03677685950413223,-0.03677685950413223,0.3522727272727273
P01,Office_Chocolate,Visual-BiLSTM,0.01818181818181818,0.19297520661157028,-0.1747933884297521,0.03409090909090909,0.0,0.015702479338842976,-0.015702479338842976,0.375
P01,Office_Chocolate,CLIP-zero-shot,0.01818181818181818,0.2045454545454545,-0.18636363636363631,0.18181818181818182,0.0,0.030578512396694214,-0.030578512396694214,0.36363636363636365
P01,Office_Chocolate,Concept-Adapter-MMR,0.14545454545454545,0.1574380165289256,-0.011983471074380164,0.6590909090909091,0.0,0.009504132231404958,-0.009504132231404958,0.4318181818181818
P01,Party_Tree,Uniform,0.14545454545454545,0.21074380165289258,-0.06528925619834713,0.6022727272727273,0.0,0.03677685950413223,-0.03677685950413223,0.3522727272727273
P01,Party_Tree,Visual-BiLSTM,0.10909090909090909,0.1909090909090909,-0.0818181818181818,0.3181818181818182,0.0,0.015702479338842976,-0.015702479338842976,0.375
P01,Party_Tree,CLIP-zero-shot,0.14545454545454545,0.206198347107438,-0.06074380165289256,0.4772727272727273,0.0,0.02396694214876033,-0.02396694214876033,0.3522727272727273
P01,Party_Tree,Concept-Adapter-MMR,0.9090909090909091,0.27231404958677685,0.6367768595041322,0.9204545454545454,0.0,0.04049586776859504,-0.04049586776859504,0.45454545454545453
P01,Phone_Sun,Uniform,0.09090909090909091,0.21198347107438018,-0.12107438016528926,0.3977272727272727,0.0,0.03677685950413223,-0.03677685950413223,0.3522727272727273
P01,Phone_Sun,Visual-BiLSTM,0.23636363636363636,0.18801652892561982,0.04834710743801654,0.7272727272727273,0.0,0.015702479338842976,-0.015702479338842976,0.375
P01,Phone_Sun,CLIP-zero-shot,0.6909090909090909,0.19462809917355373,0.4962809917355372,0.8863636363636364,0.0,0.019834710743801654,-0.019834710743801654,0.3409090909090909
P01,Phone_Sun,Concept-Adapter-MMR,0.9818181818181818,0.18140495867768594,0.8004132231404959,0.9659090909090909,0.0,0.009917355371900825,-0.009917355371900825,0.4090909090909091
P01,Room_Garden,Uniform,0.2727272727272727,0.2078512396694215,0.0648760330578512,0.7386363636363636,0.0,0.03677685950413223,-0.03677685950413223,0.3522727272727273
P01,Room_Garden,Visual-BiLSTM,0.18181818181818182,0.1892561983471074,-0.0074380165289255895,0.625,0.0,0.015702479338842976,-0.015702479338842976,0.375
P01,Room_Garden,CLIP-zero-shot,0.4727272727272727,0.18677685950413225,0.28595041322314046,0.9318181818181818,0.0,0.016115702479338842,-0.016115702479338842,0.36363636363636365
P01,Room_Garden,Concept-Adapter-MMR,0.6909090909090909,0.17107438016528925,0.5198347107438017,0.9772727272727273,0.0,0.009504132231404958,-0.009504132231404958,0.3977272727272727
P01,School_Ocean,Uniform,0.0,0.2140495867768595,-0.2140495867768595,0.011363636363636364,0.0,0.03677685950413223,-0.03677685950413223,0.3522727272727273
P01,School_Ocean,Visual-BiLSTM,0.01818181818181818,0.19297520661157028,-0.1747933884297521,0.03409090909090909,0.0,0.015702479338842976,-0.015702479338842976,0.375
P01,School_Ocean,CLIP-zero-shot,0.01818181818181818,0.21198347107438015,-0.19380165289256196,0.056818181818181816,0.0,0.032231404958677684,-0.032231404958677684,0.3409090909090909
P01,School_Ocean,Concept-Adapter-MMR,0.03636363636363636,0.2384297520661157,-0.20206611570247934,0.20454545454545456,0.0,0.04090909090909091,-0.04090909090909091,0.375
P01,Shoes_Bed,Uniform,0.03636363636363636,0.21322314049586774,-0.1768595041322314,0.125,0.0,0.03677685950413223,-0.03677685950413223,0.3522727272727273
P01,Shoes_Bed,Visual-BiLSTM,0.10909090909090909,0.19090909090909092,-0.08181818181818183,0.3181818181818182,0.0,0.015702479338842976,-0.015702479338842976,0.375
P01,Shoes_Bed,CLIP-zero-shot,0.4727272727272727,0.1644628099173554,0.3082644628099173,0.8977272727272727,0.0,0.01115702479338843,-0.01115702479338843,0.38636363636363635
P01,Shoes_Bed,Concept-Adapter-MMR,0.3090909090909091,0.19876033057851245,0.11033057851239664,0.7613636363636364,0.0,0.011983471074380164,-0.011983471074380164,0.375
P01,Sign_Musicalinstrument,Uniform,0.03636363636363636,0.21322314049586774,-0.1768595041322314,0.125,0.0,0.03677685950413223,-0.03677685950413223,0.3522727272727273
P01,Sign_Musicalinstrument,Visual-BiLSTM,0.05454545454545454,0.1921487603305785,-0.13760330578512397,0.11363636363636363,0.0,0.015702479338842976,-0.015702479338842976,0.375
P01,Sign_Musicalinstrument,CLIP-zero-shot,0.05454545454545454,0.206198347107438,-0.15165289256198347,0.22727272727272727,0.0,0.021900826446280993,-0.021900826446280993,0.3522727272727273
P01,Sign_Musicalinstrument,Concept-Adapter-MMR,0.21818181818181817,0.21280991735537194,0.00537190082644623,0.5681818181818182,0.0,0.019008264462809916,-0.019008264462809916,0.4090909090909091
P01,Sky_Street,Uniform,0.09090909090909091,0.21198347107438015,-0.12107438016528924,0.3977272727272727,0.07272727272727272,0.03512396694214876,0.03760330578512396,0.8295454545454546
P01,Sky_Street,Visual-BiLSTM,0.10909090909090909,0.19090909090909092,-0.08181818181818183,0.3181818181818182,0.05454545454545454,0.014462809917355372,0.04008264462809917,0.8863636363636364
P01,Sky_Street,CLIP-zero-shot,0.6909090909090909,0.25826446280991733,0.4326446280991736,0.9772727272727273,0.4909090909090909,0.016942148760330577,0.47396694214876034,0.9772727272727273
P01,Sky_Street,Concept-Adapter-MMR,0.9454545454545454,0.27396694214876033,0.671487603305785,0.9772727272727273,0.8181818181818182,0.02066115702479339,0.7975206611570248,0.9772727272727273
P01,Sky_Student,Uniform,0.09090909090909091,0.21198347107438015,-0.12107438016528924,0.3977272727272727,0.0,0.036776859504132224,-0.036776859504132224,0.3522727272727273
P01,Sky_Student,Visual-BiLSTM,0.10909090909090909,0.19090909090909092,-0.08181818181818183,0.3181818181818182,0.0,0.015702479338842976,-0.015702479338842976,0.375
P01,Sky_Student,CLIP-zero-shot,0.3090909090909091,0.21239669421487603,0.09669421487603305,0.7386363636363636,0.0,0.023553719008264463,-0.023553719008264463,0.3522727272727273
P01,Sky_Student,Concept-Adapter-MMR,0.9090909090909091,0.27396694214876033,0.6351239669421487,0.9204545454545454,0.0,0.03884297520661157,-0.03884297520661157,0.45454545454545453
P01,Sky_Tree,Uniform,0.07272727272727272,0.21239669421487603,-0.1396694214876033,0.2840909090909091,0.05454545454545454,0.035537190082644624,0.01900826446280992,0.7840909090909091
P01,Sky_Tree,Visual-BiLSTM,0.10909090909090909,0.19090909090909092,-0.08181818181818183,0.3181818181818182,0.05454545454545454,0.014462809917355372,0.04008264462809917,0.8863636363636364
P01,Sky_Tree,CLIP-zero-shot,0.45454545454545453,0.24380165289256198,0.21074380165289255,0.875,0.36363636363636365,0.017355371900826446,0.3462809917355372,1.0
P01,Sky_Tree,Concept-Adapter-MMR,0.9272727272727272,0.27148760330578514,0.6557851239669421,0.9545454545454546,0.8545454545454545,0.020247933884297523,0.8342975206611569,1.0
P01,Street_Student,Uniform,0.10909090909090909,0.2115702479338843,-0.1024793388429752,0.5113636363636364,0.0,0.036776859504132224,-0.036776859504132224,0.3522727272727273
P01,Street_Student,Visual-BiLSTM,0.12727272727272726,0.19049586776859506,-0.0632231404958678,0.4318181818181818,0.0,0.015702479338842976,-0.015702479338842976,0.375
P01,Street_Student,CLIP-zero-shot,0.2909090909090909,0.24090909090909093,0.04999999999999996,0.625,0.0,0.03595041322314049,-0.03595041322314049,0.36363636363636365
P01,Street_Student,Concept-Adapter-MMR,0.8545454545454545,0.2834710743801652,0.5710743801652893,0.8295454545454546,0.0,0.03925619834710744,-0.03925619834710744,0.45454545454545453
P01,Sun_Lake,Uniform,0.01818181818181818,0.21363636363636365,-0.19545454545454546,0.056818181818181816,0.0,0.036776859504132224,-0.036776859504132224,0.3522727272727273
P01,Sun_Lake,Visual-BiLSTM,0.01818181818181818,0.19297520661157028,-0.1747933884297521,0.03409090909090909,0.0,0.015702479338842976,-0.015702479338842976,0.375
P01,Sun_Lake,CLIP-zero-shot,0.03636363636363636,0.23925619834710743,-0.20289256198347105,0.10227272727272728,0.0,0.02355371900826446,-0.02355371900826446,0.36363636363636365
P01,Sun_Lake,Concept-Adapter-MMR,0.07272727272727272,0.2929752066115702,-0.2202479338842975,0.32954545454545453,0.0,0.03429752066115703,-0.03429752066115703,0.45454545454545453
P01,Window_Petsanimal,Uniform,0.09090909090909091,0.21198347107438015,-0.12107438016528924,0.3977272727272727,0.0,0.036776859504132224,-0.036776859504132224,0.3522727272727273
P01,Window_Petsanimal,Visual-BiLSTM,0.10909090909090909,0.19090909090909092,-0.08181818181818183,0.3181818181818182,0.0,0.015702479338842976,-0.015702479338842976,0.375
P01,Window_Petsanimal,CLIP-zero-shot,0.3090909090909091,0.19669421487603306,0.11239669421487603,0.7840909090909091,0.0,0.017355371900826446,-0.017355371900826446,0.3522727272727273
P01,Window_Petsanimal,Concept-Adapter-MMR,0.6181818181818182,0.2892561983471074,0.32892561983471075,0.7954545454545454,0.0,0.03305785123966942,-0.03305785123966942,0.4659090909090909
P02,Blonde_Book,Uniform,0.0684931506849315,0.19551681195516812,-0.12702366127023662,0.3977272727272727,0.0,0.018368617683686177,-0.018368617683686177,0.3522727272727273
P02,Blonde_Book,Visual-BiLSTM,0.1095890410958904,0.1544209215442092,-0.04483188044831879,0.75,0.0,0.00186799501867995,-0.00186799501867995,0.45454545454545453
P02,Blonde_Book,CLIP-zero-shot,0.0273972602739726,0.16158156911581567,-0.13418430884184307,0.3522727272727273,0.0,0.0074719800747198,-0.0074719800747198,0.3977272727272727
P02,Blonde_Book,Concept-Adapter-MMR,0.6164383561643836,0.16998754669987548,0.4464508094645081,0.8636363636363636,0.0,0.00311332503113325,-0.00311332503113325,0.4659090909090909
P02,Book_Garden,Uniform,0.0821917808219178,0.19520547945205483,-0.11301369863013702,0.4659090909090909,0.0,0.018368617683686177,-0.018368617683686177,0.3522727272727273
P02,Book_Garden,Visual-BiLSTM,0.1095890410958904,0.1544209215442092,-0.04483188044831879,0.75,0.0,0.00186799501867995,-0.00186799501867995,0.45454545454545453
P02,Book_Garden,CLIP-zero-shot,0.0410958904109589,0.1653175591531756,-0.12422166874221668,0.3522727272727273,0.0,0.010273972602739725,-0.010273972602739725,0.38636363636363635
P02,Book_Garden,Concept-Adapter-MMR,0.589041095890411,0.17092154420921543,0.4181195516811955,0.8636363636363636,0.0,0.00311332503113325,-0.00311332503113325,0.4659090909090909
P02,Book_Park,Uniform,0.0684931506849315,0.19551681195516812,-0.12702366127023662,0.3977272727272727,0.0,0.018368617683686177,-0.018368617683686177,0.3522727272727273
P02,Book_Park,Visual-BiLSTM,0.1095890410958904,0.1544209215442092,-0.04483188044831879,0.75,0.0,0.00186799501867995,-0.00186799501867995,0.45454545454545453
P02,Book_Park,CLIP-zero-shot,0.0273972602739726,0.16469489414694893,-0.13729763387297633,0.22727272727272727,0.0,0.009651307596513075,-0.009651307596513075,0.38636363636363635
P02,Book_Park,Concept-Adapter-MMR,0.6027397260273972,0.1731008717310087,0.42963885429638854,0.8636363636363636,0.0,0.004047322540473225,-0.004047322540473225,0.4431818181818182
P02,Building_Boat,Uniform,0.136986301369863,0.19396014943960152,-0.056973848069738514,0.5,0.0,0.018368617683686177,-0.018368617683686177,0.3522727272727273
P02,Building_Boat,Visual-BiLSTM,0.0410958904109589,0.15597758405977583,-0.11488169364881692,0.5454545454545454,0.0,0.00186799501867995,-0.00186799501867995,0.45454545454545453
P02,Building_Boat,CLIP-zero-shot,0.0958904109589041,0.17372353673723537,-0.07783312577833126,0.5113636363636364,0.0,0.0112079701120797,-0.0112079701120797,0.375
P02,Building_Boat,Concept-Adapter-MMR,0.6438356164383562,0.1824408468244085,0.46139476961394765,0.8522727272727273,0.0,0.0037359900373599,-0.0037359900373599,0.45454545454545453
P02,Building_Food,Uniform,0.3150684931506849,0.18991282689912828,0.12515566625155664,0.7045454545454546,0.0,0.018368617683686177,-0.018368617683686177,0.3522727272727273
P02,Building_Food,Visual-BiLSTM,0.0410958904109589,0.15597758405977583,-0.11488169364881692,0.5454545454545454,0.0,0.00186799501867995,-0.00186799501867995,0.45454545454545453
P02,Building_Food,CLIP-zero-shot,0.1643835616438356,0.18586550435865504,-0.02148194271481943,0.5909090909090909,0.0,0.016811955168119553,-0.016811955168119553,0.375
P02,Building_Food,Concept-Adapter-MMR,0.7671232876712328,0.24719800747198006,0.5199252801992528,0.9545454545454546,0.0684931506849315,0.03922789539227895,0.029265255292652552,0.8068181818181818
P02,Car_School,Uniform,0.1506849315068493,0.1936488169364882,-0.04296388542963889,0.5227272727272727,0.0,0.018368617683686177,-0.018368617683686177,0.3522727272727273
P02,Car_School,Visual-BiLSTM,0.0136986301369863,0.15660024906600248,-0.14290161892901618,0.3068181818181818,0.0,0.00186799501867995,-0.00186799501867995,0.45454545454545453
P02,Car_School,CLIP-zero-shot,0.1506849315068493,0.16905354919053547,-0.018368617683686167,0.6022727272727273,0.0,0.01183063511830635,-0.01183063511830635,0.38636363636363635
P02,Car_School,Concept-Adapter-MMR,1.0,0.12764632627646325,0.8723536737235368,1.0,0.0,0.009962640099626401,-0.009962640099626401,0.4659090909090909
P02,Chair_Hall,Uniform,0.1780821917808219,0.1930261519302615,-0.014943960149439606,0.5454545454545454,0.0273972602739726,0.01774595267745953,0.009651307596513073,0.75
P02,Chair_Hall,Visual-BiLSTM,0.2191780821917808,0.15193026151930258,0.06724782067247823,0.8409090909090909,0.0,0.00186799501867995,-0.00186799501867995,0.45454545454545453
P02,Chair_Hall,CLIP-zero-shot,0.2328767123287671,0.1678082191780822,0.06506849315068491,0.7727272727272727,0.0410958904109589,0.01058530510585305,0.03051058530510585,0.8977272727272727
P02,Chair_Hall,Concept-Adapter-MMR,0.5753424657534246,0.26961394769613944,0.3057285180572852,0.7954545454545454,0.0684931506849315,0.05853051058530511,0.009962640099626392,0.7727272727272727
P02,Chair_Men,Uniform,0.3698630136986301,0.18866749688667497,0.18119551681195514,0.7954545454545454,0.0958904109589041,0.016189290161892904,0.0797011207970112,0.9545454545454546
P02,Chair_Men,Visual-BiLSTM,0.0821917808219178,0.15504358655043585,-0.07285180572851804,0.7045454545454546,0.0,0.00186799501867995,-0.00186799501867995,0.45454545454545453
P02,Chair_Men,CLIP-zero-shot,0.1780821917808219,0.1706102117061021,0.007471980074719803,0.7045454545454546,0.0410958904109589,0.008717310087173101,0.0323785803237858,0.9204545454545454
P02,Chair_Men,Concept-Adapter-MMR,1.0,0.2777085927770859,0.7222914072229141,0.9659090909090909,0.5068493150684932,0.06195516811955168,0.44489414694894147,0.9772727272727273
P02,Computer_Kids,Uniform,0.0410958904109589,0.19613947696139478,-0.15504358655043587,0.3068181818181818,0.0,0.018368617683686177,-0.018368617683686177,0.3522727272727273
P02,Computer_Kids,Visual-BiLSTM,0.5753424657534246,0.14383561643835616,0.43150684931506844,0.8863636363636364,0.0,0.00186799501867995,-0.00186799501867995,0.45454545454545453
P02,Computer_Kids,CLIP-zero-shot,0.547945205479452,0.1581569115815691,0.38978829389788294,0.8863636363636364,0.0,0.008717310087173101,-0.008717310087173101,0.3977272727272727
P02,Computer_Kids,Concept-Adapter-MMR,0.6986301369863014,0.15161892901618929,0.5470112079701122,0.8863636363636364,0.0,0.005292652552926525,-0.005292652552926525,0.4090909090909091
P02,Computer_Park,Uniform,0.0273972602739726,0.19645080946450807,-0.16905354919053547,0.20454545454545456,0.0,0.018368617683686177,-0.018368617683686177,0.3522727272727273
P02,Computer_Park,Visual-BiLSTM,0.5753424657534246,0.14383561643835616,0.43150684931506844,0.8863636363636364,0.0,0.00186799501867995,-0.00186799501867995,0.45454545454545453
P02,Computer_Park,CLIP-zero-shot,0.547945205479452,0.1553549190535492,0.3925902864259028,0.8863636363636364,0.0,0.008405977584059775,-0.008405977584059775,0.3977272727272727
P02,Computer_Park,Concept-Adapter-MMR,0.684931506849315,0.15099626400996263,0.5339352428393525,0.8863636363636364,0.0,0.005292652552926525,-0.005292652552926525,0.4090909090909091
P02,Computer_Shoes,Uniform,0.0273972602739726,0.19645080946450807,-0.16905354919053547,0.20454545454545456,0.0,0.018368617683686177,-0.018368617683686177,0.3522727272727273
P02,Computer_Shoes,Visual-BiLSTM,0.5753424657534246,0.14383561643835616,0.43150684931506844,0.8863636363636364,0.0,0.00186799501867995,-0.00186799501867995,0.45454545454545453
P02,Computer_Shoes,CLIP-zero-shot,0.547945205479452,0.16220423412204232,0.3857409713574097,0.8863636363636364,0.0,0.0112079701120797,-0.0112079701120797,0.3977272727272727
P02,Computer_Shoes,Concept-Adapter-MMR,0.6986301369863014,0.1544209215442092,0.5442092154420922,0.8863636363636364,0.0,0.005292652552926525,-0.005292652552926525,0.4090909090909091
P02,Cupglass_Room,Uniform,0.4931506849315068,0.18586550435865504,0.3072851805728518,0.9090909090909091,0.0410958904109589,0.017434620174346202,0.0236612702366127,0.8295454545454546
P02,Cupglass_Room,Visual-BiLSTM,0.8904109589041096,0.13667496886674968,0.7537359900373599,1.0,0.0410958904109589,0.000933997509339975,0.04016189290161893,1.0
P02,Cupglass_Room,CLIP-zero-shot,0.7945205479452054,0.1569115815691158,0.6376089663760897,1.0,0.2602739726027397,0.006537982565379825,0.25373599003735986,1.0
P02,Cupglass_Room,Concept-Adapter-MMR,0.9315068493150684,0.11768368617683685,0.8138231631382316,1.0,0.5205479452054794,0.00311332503113325,0.5174346201743462,1.0
P02,Desk_Hands,Uniform,0.5068493150684932,0.18555417185554174,0.32129514321295144,0.9318181818181818,0.0821917808219178,0.016500622665006223,0.06569115815691158,0.9318181818181818
P02,Desk_Hands,Visual-BiLSTM,0.1917808219178082,0.15255292652552924,0.03922789539227897,0.8181818181818182,0.0136986301369863,0.001556662515566625,0.012141967621419676,0.9545454545454546
P02,Desk_Hands,CLIP-zero-shot,0.5068493150684932,0.16625155666251556,0.3405977584059776,0.9090909090909091,0.1095890410958904,0.008405977584059775,0.10118306351183062,0.9772727272727273
P02,Desk_Hands,Concept-Adapter-MMR,0.958904109589041,0.20392278953922788,0.7549813200498132,0.9772727272727273,0.1917808219178082,0.0224159402241594,0.1693648816936488,0.9545454545454546
P02,Drink_Hands,Uniform,0.4383561643835616,0.18711083437110834,0.2512453300124533,0.8636363636363636,0.0547945205479452,0.017123287671232876,0.03767123287671233,0.8977272727272727
P02,Drink_Hands,Visual-BiLSTM,0.0273972602739726,0.15628891656288915,-0.12889165628891655,0.4318181818181818,0.0136986301369863,0.001556662515566625,0.012141967621419676,0.9545454545454546
P02,Drink_Hands,CLIP-zero-shot,0.410958904109589,0.16687422166874222,0.2440846824408468,0.8636363636363636,0.0136986301369863,0.014009962640099627,-0.0003113325031133263,0.8409090909090909
P02,Drink_Hands,Concept-Adapter-MMR,0.9041095890410958,0.2509339975093399,0.6531755915317559,0.9318181818181818,0.2191780821917808,0.05074719800747198,0.16843088418430882,0.9090909090909091
P02,Drink_Park,Uniform,0.0821917808219178,0.19520547945205477,-0.11301369863013697,0.4659090909090909,0.0,0.018368617683686177,-0.018368617683686177,0.3522727272727273
P02,Drink_Park,Visual-BiLSTM,0.0136986301369863,0.15660024906600248,-0.14290161892901618,0.3068181818181818,0.0,0.00186799501867995,-0.00186799501867995,0.45454545454545453
P02,Drink_Park,CLIP-zero-shot,0.0547945205479452,0.16843088418430885,-0.11363636363636365,0.4431818181818182,0.0,0.011830635118306353,-0.011830635118306353,0.38636363636363635
P02,Drink_Park,Concept-Adapter-MMR,0.4383561643835616,0.2777085927770859,0.1606475716064757,0.6818181818181818,0.0,0.0647571606475716,-0.0647571606475716,0.3409090909090909
P02,Drink_Room,Uniform,0.4657534246575342,0.1864881693648817,0.27926525529265256,0.8863636363636364,0.0,0.018368617683686177,-0.018368617683686177,0.3522727272727273
P02,Drink_Room,Visual-BiLSTM,0.8767123287671232,0.136986301369863,0.7397260273972602,0.9545454545454546,0.0136986301369863,0.001556662515566625,0.012141967621419676,0.9545454545454546
P02,Drink_Room,CLIP-zero-shot,0.7534246575342466,0.1491282689912827,0.6042963885429639,0.9772727272727273,0.0136986301369863,0.010896637608966376,0.0028019925280199243,0.8409090909090909
P02,Drink_Room,Concept-Adapter-MMR,0.7671232876712328,0.1678082191780822,0.5993150684931506,0.9772727272727273,0.0547945205479452,0.02054794520547945,0.03424657534246575,0.8636363636363636
P02,Face_Baby,Uniform,0.0684931506849315,0.19551681195516812,-0.12702366127023662,0.3977272727272727,0.0,0.018368617683686177,-0.018368617683686177,0.3522727272727273
P02,Face_Baby,Visual-BiLSTM,0.0136986301369863,0.15660024906600248,-0.14290161892901618,0.3068181818181818,0.0,0.00186799501867995,-0.00186799501867995,0.45454545454545453
P02,Face_Baby,CLIP-zero-shot,0.0273972602739726,0.1718555417185554,-0.1444582814445828,0.22727272727272727,0.0,0.009651307596513075,-0.009651307596513075,0.38636363636363635
P02,Face_Baby,Concept-Adapter-MMR,0.3424657534246575,0.2920298879202989,0.050435865504358635,0.6363636363636364,0.0,0.07814445828144458,-0.07814445828144458,0.375
P02,Face_Food,Uniform,0.1917808219178082,0.19271481942714822,-0.0009339975093400066,0.5909090909090909,0.0410958904109589,0.017434620174346202,0.0236612702366127,0.8295454545454546
P02,Face_Food,Visual-BiLSTM,0.0136986301369863,0.15660024906600248,-0.14290161892901618,0.3068181818181818,0.0,0.00186799501867995,-0.00186799501867995,0.45454545454545453
P02,Face_Food,CLIP-zero-shot,0.1780821917808219,0.19676214196762143,-0.01867995018679952,0.6022727272727273,0.0547945205479452,0.023349937733499374,0.03144458281444583,0.8522727272727273
P02,Face_Food,Concept-Adapter-MMR,0.958904109589041,0.262453300124533,0.6964508094645081,0.9431818181818182,0.3150684931506849,0.061332503113325026,0.2537359900373599,0.9090909090909091
P02,Face_Lady,Uniform,0.2191780821917808,0.19209215442092153,0.027085927770859275,0.6363636363636364,0.0273972602739726,0.017745952677459525,0.009651307596513076,0.75
P02,Face_Lady,Visual-BiLSTM,0.0273972602739726,0.15628891656288915,-0.12889165628891655,0.4318181818181818,0.0,0.00186799501867995,-0.00186799501867995,0.45454545454545453
P02,Face_Lady,CLIP-zero-shot,0.0547945205479452,0.1709215442092154,-0.1161270236612702,0.5,0.0136986301369863,0.008405977584059775,0.005292652552926526,0.7727272727272727
P02,Face_Lady,Concept-Adapter-MMR,0.7397260273972602,0.28237858032378577,0.45734744707347447,0.8522727272727273,0.2054794520547945,0.06382316313823164,0.14165628891656287,0.8522727272727273
P02,Flower_Student,Uniform,0.0273972602739726,0.19645080946450807,-0.16905354919053547,0.20454545454545456,0.0,0.018368617683686177,-0.018368617683686177,0.3522727272727273
P02,Flower_Student,Visual-BiLSTM,0.0,0.1569115815691158,-0.1569115815691158,0.11363636363636363,0.0,0.00186799501867995,-0.00186799501867995,0.45454545454545453
P02,Flower_Student,CLIP-zero-shot,0.0547945205479452,0.16998754669987545,-0.11519302615193025,0.4659090909090909,0.0,0.00809464508094645,-0.00809464508094645,0.4090909090909091
P02,Flower_Student,Concept-Adapter-MMR,0.0,0.28891656288916556,-0.28891656288916556,0.07954545454545454,0.0,0.04389788293897883,-0.04389788293897883,0.36363636363636365
P02,Food_Men,Uniform,0.3561643835616438,0.1889788293897883,0.16718555417185552,0.7727272727272727,0.1506849315068493,0.0149439601494396,0.1357409713574097,1.0
P02,Food_Men,Visual-BiLSTM,0.0410958904109589,0.15597758405977583,-0.11488169364881692,0.5454545454545454,0.0,0.00186799501867995,-0.00186799501867995,0.45454545454545453
P02,Food_Men,CLIP-zero-shot,0.2465753424657534,0.1740348692403487,0.07254047322540472,0.6931818181818182,0.0821917808219178,0.010273972602739725,0.07191780821917808,0.9545454545454546
P02,Food_Men,Concept-Adapter-MMR,1.0,0.2668119551681195,0.7331880448318805,0.9659090909090909,0.958904109589041,0.05510585305105853,0.9037982565379825,1.0
P02,Garden_Party,Uniform,0.0410958904109589,0.19613947696139478,-0.15504358655043587,0.3068181818181818,0.0,0.018368617683686177,-0.018368617683686177,0.3522727272727273
P02,Garden_Party,Visual-BiLSTM,0.0,0.1569115815691158,-0.1569115815691158,0.11363636363636363,0.0,0.00186799501867995,-0.00186799501867995,0.45454545454545453
P02,Garden_Party,CLIP-zero-shot,0.0136986301369863,0.16687422166874225,-0.15317559153175594,0.125,0.0,0.009962640099626401,-0.009962640099626401,0.375
P02,Garden_Party,Concept-Adapter-MMR,0.136986301369863,0.30136986301369856,-0.16438356164383555,0.5,0.0,0.06008717310087173,-0.06008717310087173,0.32954545454545453
P02,Garden_Phone,Uniform,0.0273972602739726,0.19645080946450807,-0.16905354919053547,0.20454545454545456,0.0,0.018368617683686177,-0.018368617683686177,0.3522727272727273
P02,Garden_Phone,Visual-BiLSTM,0.0,0.1569115815691158,-0.1569115815691158,0.11363636363636363,0.0,0.00186799501867995,-0.00186799501867995,0.45454545454545453
P02,Garden_Phone,CLIP-zero-shot,0.0273972602739726,0.17310087173100872,-0.14570361145703611,0.26136363636363635,0.0,0.010273972602739725,-0.010273972602739725,0.38636363636363635
P02,Garden_Phone,Concept-Adapter-MMR,0.0684931506849315,0.20361145703611455,-0.13511830635118305,0.2727272727272727,0.0,0.022104607721046075,-0.022104607721046075,0.3522727272727273
P02,Grass_Bed,Uniform,0.0273972602739726,0.19645080946450807,-0.16905354919053547,0.20454545454545456,0.0,0.018368617683686177,-0.018368617683686177,0.3522727272727273
P02,Grass_Bed,Visual-BiLSTM,0.0,0.1569115815691158,-0.1569115815691158,0.11363636363636363,0.0,0.00186799501867995,-0.00186799501867995,0.45454545454545453
P02,Grass_Bed,CLIP-zero-shot,0.0136986301369863,0.17590286425902865,-0.16220423412204235,0.18181818181818182,0.0,0.010273972602739725,-0.010273972602739725,0.375
P02,Grass_Bed,Concept-Adapter-MMR,0.1506849315068493,0.16500622665006223,-0.014321295143212925,0.8181818181818182,0.0,0.010273972602739725,-0.010273972602739725,0.4659090909090909
P02,Hall_Park,Uniform,0.0684931506849315,0.19551681195516812,-0.12702366127023662,0.3977272727272727,0.0,0.018368617683686177,-0.018368617683686177,0.3522727272727273
P02,Hall_Park,Visual-BiLSTM,0.1780821917808219,0.1528642590286426,0.025217932752179317,0.7954545454545454,0.0,0.00186799501867995,-0.00186799501867995,0.45454545454545453
P02,Hall_Park,CLIP-zero-shot,0.136986301369863,0.16095890410958902,-0.023972602739726012,0.625,0.0,0.008405977584059775,-0.008405977584059775,0.3977272727272727
P02,Hall_Park,Concept-Adapter-MMR,0.1643835616438356,0.27864259028642596,-0.11425902864259035,0.5227272727272727,0.0,0.04389788293897883,-0.04389788293897883,0.3409090909090909
P02,Hands_Lady,Uniform,0.547945205479452,0.18462017434620173,0.3633250311332503,0.9545454545454546,0.0547945205479452,0.017123287671232876,0.03767123287671233,0.8977272727272727
P02,Hands_Lady,Visual-BiLSTM,0.0410958904109589,0.15597758405977583,-0.11488169364881692,0.5454545454545454,0.0,0.00186799501867995,-0.00186799501867995,0.45454545454545453
P02,Hands_Lady,CLIP-zero-shot,0.3424657534246575,0.17341220423412204,0.16905354919053547,0.7954545454545454,0.0,0.01058530510585305,-0.01058530510585305,0.36363636363636365
P02,Hands_Lady,Concept-Adapter-MMR,0.9315068493150684,0.23941469489414693,0.6920921544209215,0.9545454545454546,0.1643835616438356,0.04638854296388542,0.11799501867995019,0.8977272727272727
P02,Hands_Men,Uniform,0.6164383561643836,0.18306351183063513,0.43337484433374845,1.0,0.1232876712328767,0.015566625155666251,0.10772104607721045,0.9772727272727273
P02,Hands_Men,Visual-BiLSTM,0.0684931506849315,0.15535491905354917,-0.08686176836861767,0.6818181818181818,0.0,0.00186799501867995,-0.00186799501867995,0.45454545454545453
P02,Hands_Men,CLIP-zero-shot,0.3698630136986301,0.16625155666251556,0.20361145703611455,0.8181818181818182,0.0821917808219178,0.007160647571606476,0.07503113325031133,0.9772727272727273
P02,Hands_Men,Concept-Adapter-MMR,1.0,0.2755292652552926,0.7244707347447075,0.9659090909090909,0.684931506849315,0.060709838107098374,0.6242216687422166,0.9772727272727273
P02,Hands_Tree,Uniform,0.5753424657534246,0.18399750933997508,0.3913449564134496,0.9772727272727273,0.0410958904109589,0.017434620174346202,0.0236612702366127,0.8295454545454546
P02,Hands_Tree,Visual-BiLSTM,0.0273972602739726,0.15628891656288915,-0.12889165628891655,0.4318181818181818,0.0,0.00186799501867995,-0.00186799501867995,0.45454545454545453
P02,Hands_Tree,CLIP-zero-shot,0.3972602739726027,0.16749688667496887,0.22976338729763385,0.8295454545454546,0.0136986301369863,0.00809464508094645,0.00560398505603985,0.8295454545454546
P02,Hands_Tree,Concept-Adapter-MMR,0.9041095890410958,0.20174346201743462,0.7023661270236612,1.0,0.1232876712328767,0.01183063511830635,0.11145703611457036,0.9886363636363636
P02,Kids_Ocean,Uniform,0.0136986301369863,0.19676214196762143,-0.18306351183063513,0.10227272727272728,0.0,0.018368617683686177,-0.018368617683686177,0.3522727272727273
P02,Kids_Ocean,Visual-BiLSTM,0.0,0.1569115815691158,-0.1569115815691158,0.11363636363636363,0.0,0.00186799501867995,-0.00186799501867995,0.45454545454545453
P02,Kids_Ocean,CLIP-zero-shot,0.0,0.1706102117061021,-0.1706102117061021,0.045454545454545456,0.0,0.008717310087173101,-0.008717310087173101,0.3977272727272727
P02,Kids_Ocean,Concept-Adapter-MMR,0.1506849315068493,0.31662515566625155,-0.16594022415940224,0.45454545454545453,0.0,0.05915317559153176,-0.05915317559153176,0.32954545454545453
P02,Kids_Office,Uniform,0.0136986301369863,0.19676214196762143,-0.18306351183063513,0.10227272727272728,0.0,0.018368617683686177,-0.018368617683686177,0.3522727272727273
P02,Kids_Office,Visual-BiLSTM,0.0547945205479452,0.1556662515566625,-0.1008717310087173,0.6363636363636364,0.0,0.00186799501867995,-0.00186799501867995,0.45454545454545453
P02,Kids_Office,CLIP-zero-shot,0.0547945205479452,0.1693648816936488,-0.1145703611457036,0.5568181818181818,0.0,0.009651307596513075,-0.009651307596513075,0.38636363636363635
P02,Kids_Office,Concept-Adapter-MMR,0.0136986301369863,0.26836861768368614,-0.25466998754669984,0.3068181818181818,0.0,0.03767123287671233,-0.03767123287671233,0.375
P02,Lady_Street,Uniform,0.3424657534246575,0.1892901618929016,0.15317559153175592,0.75,0.0410958904109589,0.017434620174346202,0.0236612702366127,0.8295454545454546
P02,Lady_Street,Visual-BiLSTM,0.0273972602739726,0.15628891656288915,-0.12889165628891655,0.4318181818181818,0.0,0.00186799501867995,-0.00186799501867995,0.45454545454545453
P02,Lady_Street,CLIP-zero-shot,0.1232876712328767,0.16625155666251556,-0.04296388542963886,0.6136363636363636,0.0136986301369863,0.01058530510585305,0.0031133250311332506,0.7840909090909091
P02,Lady_Street,Concept-Adapter-MMR,0.9726027397260274,0.16687422166874222,0.8057285180572852,1.0,0.0958904109589041,0.00809464508094645,0.08779576587795765,0.9772727272727273
P02,Market_Ocean,Uniform,0.0410958904109589,0.19613947696139478,-0.15504358655043587,0.3068181818181818,0.0,0.018368617683686177,-0.018368617683686177,0.3522727272727273
P02,Market_Ocean,Visual-BiLSTM,0.0,0.1569115815691158,-0.1569115815691158,0.11363636363636363,0.0,0.00186799501867995,-0.00186799501867995,0.45454545454545453
P02,Market_Ocean,CLIP-zero-shot,0.1506849315068493,0.187733499377335,-0.03704856787048569,0.5227272727272727,0.0,0.014632627646326274,-0.014632627646326274,0.375
P02,Market_Ocean,Concept-Adapter-MMR,0.6027397260273972,0.2696139476961395,0.3331257783312577,0.8522727272727273,0.0,0.04078455790784558,-0.04078455790784558,0.3409090909090909
P02,Men_Bed,Uniform,0.3287671232876712,0.18960149439601492,0.1391656288916563,0.7272727272727273,0.0,0.018368617683686177,-0.018368617683686177,0.3522727272727273
P02,Men_Bed,Visual-BiLSTM,0.0410958904109589,0.15597758405977583,-0.11488169364881692,0.5454545454545454,0.0,0.00186799501867995,-0.00186799501867995,0.45454545454545453
P02,Men_Bed,CLIP-zero-shot,0.0684931506849315,0.16469489414694893,-0.09620174346201743,0.5681818181818182,0.0,0.0074719800747198,-0.0074719800747198,0.38636363636363635
P02,Men_Bed,Concept-Adapter-MMR,1.0,0.2917185554171855,0.7082814445828145,0.9659090909090909,0.0,0.074719800747198,-0.074719800747198,0.36363636363636365
P02,Office_Shoes,Uniform,0.0,0.19707347447073473,-0.19707347447073473,0.022727272727272728,0.0,0.018368617683686177,-0.018368617683686177,0.3522727272727273
P02,Office_Shoes,Visual-BiLSTM,0.0547945205479452,0.1556662515566625,-0.1008717310087173,0.6363636363636364,0.0,0.00186799501867995,-0.00186799501867995,0.45454545454545453
P02,Office_Shoes,CLIP-zero-shot,0.0547945205479452,0.16967621419676215,-0.11488169364881695,0.48863636363636365,0.0,0.010896637608966376,-0.010896637608966376,0.38636363636363635
P02,Office_Shoes,Concept-Adapter-MMR,0.0410958904109589,0.18462017434620173,-0.14352428393524283,0.3522727272727273,0.0,0.016500622665006227,-0.016500622665006227,0.3522727272727273
P02,Park_Bed,Uniform,0.0,0.19707347447073473,-0.19707347447073473,0.022727272727272728,0.0,0.018368617683686177,-0.018368617683686177,0.3522727272727273
P02,Park_Bed,Visual-BiLSTM,0.0,0.1569115815691158,-0.1569115815691158,0.11363636363636363,0.0,0.00186799501867995,-0.00186799501867995,0.45454545454545453
P02,Park_Bed,CLIP-zero-shot,0.0,0.15691158156911583,-0.15691158156911583,0.056818181818181816,0.0,0.006537982565379825,-0.006537982565379825,0.4090909090909091
P02,Park_Bed,Concept-Adapter-MMR,0.0821917808219178,0.23599003735990032,-0.15379825653798251,0.4090909090909091,0.0,0.015566625155666248,-0.015566625155666248,0.375
P02,Park_Room,Uniform,0.3835616438356164,0.18835616438356162,0.1952054794520548,0.8295454545454546,0.0,0.018368617683686177,-0.018368617683686177,0.3522727272727273
P02,Park_Room,Visual-BiLSTM,0.8767123287671232,0.136986301369863,0.7397260273972602,0.9545454545454546,0.0,0.00186799501867995,-0.00186799501867995,0.45454545454545453
P02,Park_Room,CLIP-zero-shot,0.7397260273972602,0.1491282689912827,0.5905977584059775,0.9545454545454546,0.0,0.007783312577833126,-0.007783312577833126,0.4090909090909091
P02,Park_Room,Concept-Adapter-MMR,0.863013698630137,0.14757160647571607,0.7154420921544209,0.9545454545454546,0.0,0.010273972602739725,-0.010273972602739725,0.4090909090909091
P02,Party_Phone,Uniform,0.0410958904109589,0.19613947696139478,-0.15504358655043587,0.3068181818181818,0.0,0.018368617683686177,-0.018368617683686177,0.3522727272727273
P02,Party_Phone,Visual-BiLSTM,0.0,0.1569115815691158,-0.1569115815691158,0.11363636363636363,0.0,0.00186799501867995,-0.00186799501867995,0.45454545454545453
P02,Party_Phone,CLIP-zero-shot,0.0136986301369863,0.1727895392278954,-0.1590909090909091,0.20454545454545456,0.0,0.01058530510585305,-0.01058530510585305,0.38636363636363635
P02,Party_Phone,Concept-Adapter-MMR,0.1095890410958904,0.27490660024906605,-0.16531755915317564,0.5227272727272727,0.0,0.04794520547945205,-0.04794520547945205,0.36363636363636365
P02,Phone_Lake,Uniform,0.0136986301369863,0.1967621419676214,-0.1830635118306351,0.10227272727272728,0.0,0.018368617683686177,-0.018368617683686177,0.3522727272727273
P02,Phone_Lake,Visual-BiLSTM,0.0,0.1569115815691158,-0.1569115815691158,0.11363636363636363,0.0,0.00186799501867995,-0.00186799501867995,0.45454545454545453
P02,Phone_Lake,CLIP-zero-shot,0.0136986301369863,0.17216687422166876,-0.15846824408468246,0.14772727272727273,0.0,0.009962640099626401,-0.009962640099626401,0.38636363636363635
P02,Phone_Lake,Concept-Adapter-MMR,0.0684931506849315,0.22073474470734744,-0.15224159402241594,0.375,0.0,0.029576587795765875,-0.029576587795765875,0.375
P02,Room_Boat,Uniform,0.3835616438356164,0.18835616438356165,0.19520547945205477,0.8295454545454546,0.0,0.018368617683686177,-0.018368617683686177,0.3522727272727273
P02,Room_Boat,Visual-BiLSTM,0.8767123287671232,0.136986301369863,0.7397260273972602,0.9545454545454546,0.0,0.00186799501867995,-0.00186799501867995,0.45454545454545453
P02,Room_Boat,CLIP-zero-shot,0.7123287671232876,0.14632627646326274,0.566002490660025,0.9431818181818182,0.0,0.00933997509339975,-0.00933997509339975,0.38636363636363635
P02,Room_Boat,Concept-Adapter-MMR,0.8493150684931506,0.14601494396014944,0.7033001245330012,0.9545454545454546,0.0,0.008405977584059775,-0.008405977584059775,0.4090909090909091
P02,Sign_Petsanimal,Uniform,0.0136986301369863,0.19676214196762143,-0.18306351183063513,0.10227272727272728,0.0,0.018368617683686177,-0.018368617683686177,0.3522727272727273
P02,Sign_Petsanimal,Visual-BiLSTM,0.0136986301369863,0.15660024906600248,-0.14290161892901618,0.3068181818181818,0.0,0.00186799501867995,-0.00186799501867995,0.45454545454545453
P02,Sign_Petsanimal,CLIP-zero-shot,0.0958904109589041,0.18088418430884187,-0.08499377334993777,0.5,0.0,0.015255292652552925,-0.015255292652552925,0.375
P02,Sign_Petsanimal,Concept-Adapter-MMR,0.0958904109589041,0.15909090909090906,-0.06320049813200496,0.7840909090909091,0.0,0.00933997509339975,-0.00933997509339975,0.4659090909090909
P02,Sky_Dance,Uniform,0.1917808219178082,0.19271481942714822,-0.0009339975093400066,0.5909090909090909,0.0,0.018368617683686177,-0.018368617683686177,0.3522727272727273
P02,Sky_Dance,Visual-BiLSTM,0.0273972602739726,0.15628891656288915,-0.12889165628891655,0.4318181818181818,0.0,0.00186799501867995,-0.00186799501867995,0.45454545454545453
P02,Sky_Dance,CLIP-zero-shot,0.0,0.17528019925280194,-0.17528019925280194,0.056818181818181816,0.0,0.008405977584059775,-0.008405977584059775,0.4090909090909091
P02,Sky_Dance,Concept-Adapter-MMR,0.9178082191780822,0.13511830635118305,0.7826899128268991,0.9318181818181818,0.0,0.010896637608966376,-0.010896637608966376,0.45454545454545453
P02,Street_School,Uniform,0.1917808219178082,0.19271481942714822,-0.0009339975093400066,0.5909090909090909,0.0,0.018368617683686177,-0.018368617683686177,0.3522727272727273
P02,Street_School,Visual-BiLSTM,0.0136986301369863,0.15660024906600248,-0.14290161892901618,0.3068181818181818,0.0,0.00186799501867995,-0.00186799501867995,0.45454545454545453
P02,Street_School,CLIP-zero-shot,0.3013698630136986,0.1653175591531756,0.13605230386052303,0.7954545454545454,0.0,0.01183063511830635,-0.01183063511830635,0.375
P02,Street_School,Concept-Adapter-MMR,0.9315068493150684,0.13418430884184307,0.7973225404732254,0.9431818181818182,0.0,0.009962640099626401,-0.009962640099626401,0.4659090909090909
P02,Street_Window,Uniform,0.2602739726027397,0.19115815691158158,0.06911581569115813,0.6818181818181818,0.0273972602739726,0.01774595267745953,0.009651307596513073,0.75
P02,Street_Window,Visual-BiLSTM,0.0547945205479452,0.1556662515566625,-0.1008717310087173,0.6363636363636364,0.0,0.00186799501867995,-0.00186799501867995,0.45454545454545453
P02,Street_Window,CLIP-zero-shot,0.3835616438356164,0.17310087173100872,0.2104607721046077,0.8977272727272727,0.1506849315068493,0.01058530510585305,0.14009962640099627,0.9886363636363636
P02,Street_Window,Concept-Adapter-MMR,0.9452054794520548,0.1344956413449564,0.8107098381070984,0.9772727272727273,0.3698630136986301,0.0024906600249066002,0.3673723536737235,1.0
P02,Sun_Ocean,Uniform,0.0,0.19707347447073476,-0.19707347447073476,0.022727272727272728,0.0,0.018368617683686177,-0.018368617683686177,0.3522727272727273
P02,Sun_Ocean,Visual-BiLSTM,0.0,0.1569115815691158,-0.1569115815691158,0.11363636363636363,0.0,0.00186799501867995,-0.00186799501867995,0.45454545454545453
P02,Sun_Ocean,CLIP-zero-shot,0.0273972602739726,0.1721668742216687,-0.1447696139476961,0.23863636363636365,0.0,0.00933997509339975,-0.00933997509339975,0.38636363636363635
P02,Sun_Ocean,Concept-Adapter-MMR,0.0273972602739726,0.15784557907845576,-0.13044831880448315,0.5681818181818182,0.0,0.011519302615193027,-0.011519302615193027,0.45454545454545453
P02,Toy_Lake,Uniform,0.2328767123287671,0.1917808219178082,0.0410958904109589,0.6590909090909091,0.0,0.018368617683686177,-0.018368617683686177,0.3522727272727273
P02,Toy_Lake,Visual-BiLSTM,0.0,0.1569115815691158,-0.1569115815691158,0.11363636363636363,0.0,0.00186799501867995,-0.00186799501867995,0.45454545454545453
P02,Toy_Lake,CLIP-zero-shot,0.273972602739726,0.15909090909090906,0.11488169364881695,0.7272727272727273,0.0,0.01058530510585305,-0.01058530510585305,0.38636363636363635
P02,Toy_Lake,Concept-Adapter-MMR,0.0410958904109589,0.29669987546699866,-0.25560398505603976,0.125,0.0,0.038916562889165625,-0.038916562889165625,0.32954545454545453
P03,Book_Lady,Uniform,0.06976744186046512,0.25,-0.18023255813953487,0.2727272727272727,0.0,0.04016913319238901,-0.04016913319238901,0.3522727272727273
P03,Book_Lady,Visual-BiLSTM,0.16279069767441862,0.14323467230443973,0.019556025369978886,0.6363636363636364,0.0,0.007928118393234672,-0.007928118393234672,0.38636363636363635
P03,Book_Lady,CLIP-zero-shot,0.09302325581395349,0.27748414376321356,-0.18446088794926008,0.375,0.023255813953488372,0.029598308668076112,-0.00634249471458774,0.7613636363636364
P03,Book_Lady,Concept-Adapter-MMR,0.3953488372093023,0.23150105708245244,0.16384778012684986,0.75,0.046511627906976744,0.013742071881606765,0.032769556025369975,0.875
P03,Book_Street,Uniform,0.13953488372093023,0.2484143763213531,-0.10887949260042287,0.5795454545454546,0.0,0.04016913319238901,-0.04016913319238901,0.3522727272727273
P03,Book_Street,Visual-BiLSTM,0.16279069767441862,0.14323467230443973,0.019556025369978886,0.6363636363636364,0.0,0.007928118393234672,-0.007928118393234672,0.38636363636363635
P03,Book_Street,CLIP-zero-shot,0.3023255813953488,0.2806553911205074,0.021670190274841405,0.6022727272727273,0.0,0.031183932346723044,-0.031183932346723044,0.3522727272727273
P03,Book_Street,Concept-Adapter-MMR,0.9534883720930233,0.31342494714587743,0.6400634249471459,0.9318181818181818,0.023255813953488372,0.03118393234672305,-0.007928118393234679,0.7386363636363636
P03,Book_Tree,Uniform,0.09302325581395349,0.2494714587737844,-0.15644820295983092,0.375,0.0,0.04016913319238901,-0.04016913319238901,0.3522727272727273
P03,Book_Tree,Visual-BiLSTM,0.046511627906976744,0.14587737843551796,-0.09936575052854121,0.25,0.0,0.007928118393234672,-0.007928118393234672,0.38636363636363635
P03,Book_Tree,CLIP-zero-shot,0.16279069767441862,0.2875264270613108,-0.1247357293868922,0.4659090909090909,0.0,0.03118393234672305,-0.03118393234672305,0.3409090909090909
P03,Book_Tree,Concept-Adapter-MMR,0.8837209302325582,0.3118393234672305,0.5718816067653276,0.8295454545454546,0.023255813953488372,0.03118393234672305,-0.007928118393234679,0.7386363636363636
P03,Building_Garden,Uniform,0.06976744186046512,0.25000000000000006,-0.18023255813953493,0.2727272727272727,0.0,0.04016913319238901,-0.04016913319238901,0.3522727272727273
P03,Building_Garden,Visual-BiLSTM,0.20930232558139536,0.14217758985200846,0.0671247357293869,0.7272727272727273,0.0,0.007928118393234672,-0.007928118393234672,0.38636363636363635
P03,Building_Garden,CLIP-zero-shot,0.20930232558139536,0.2732558139534884,-0.06395348837209305,0.5681818181818182,0.0,0.029598308668076112,-0.029598308668076112,0.36363636363636365
P03,Building_Garden,Concept-Adapter-MMR,0.4883720930232558,0.2394291754756871,0.2489429175475687,0.7159090909090909,0.0,0.014799154334038056,-0.014799154334038056,0.45454545454545453
P03,Car_Chocolate,Uniform,0.13953488372093023,0.2484143763213531,-0.10887949260042287,0.5795454545454546,0.0,0.04016913319238901,-0.04016913319238901,0.3522727272727273
P03,Car_Chocolate,Visual-BiLSTM,0.3023255813953488,0.14006342494714588,0.16226215644820294,0.8977272727272727,0.0,0.007928118393234672,-0.007928118393234672,0.38636363636363635
P03,Car_Chocolate,CLIP-zero-shot,0.23255813953488372,0.2415433403805497,-0.00898520084566598,0.6136363636363636,0.0,0.0306553911205074,-0.0306553911205074,0.36363636363636365
P03,Car_Chocolate,Concept-Adapter-MMR,1.0,0.2875264270613108,0.7124735729386892,0.9886363636363636,0.0,0.029598308668076112,-0.029598308668076112,0.23863636363636365
P03,Car_Tree,Uniform,0.11627906976744186,0.24894291754756875,-0.1326638477801269,0.4659090909090909,0.046511627906976744,0.039112050739957716,0.007399577167019028,0.8295454545454546
P03,Car_Tree,Visual-BiLSTM,0.3023255813953488,0.14006342494714588,0.16226215644820294,0.8977272727272727,0.0,0.007928118393234672,-0.007928118393234672,0.38636363636363635
P03,Car_Tree,CLIP-zero-shot,0.46511627906976744,0.2489429175475687,0.21617336152219874,0.8977272727272727,0.32558139534883723,0.013742071881606767,0.3118393234672305,1.0
P03,Car_Tree,Concept-Adapter-MMR,1.0,0.2986257928118393,0.7013742071881607,0.9886363636363636,0.8604651162790697,0.011627906976744186,0.8488372093023255,1.0
P03,Chair_Dance,Uniform,0.046511627906976744,0.2505285412262157,-0.20401691331923896,0.19318181818181818,0.0,0.04016913319238901,-0.04016913319238901,0.3522727272727273
P03,Chair_Dance,Visual-BiLSTM,0.023255813953488372,0.1464059196617336,-0.12315010570824524,0.07954545454545454,0.0,0.007928118393234672,-0.007928118393234672,0.38636363636363635
P03,Chair_Dance,CLIP-zero-shot,0.046511627906976744,0.26215644820295986,-0.21564482029598311,0.2727272727272727,0.0,0.03382663847780127,-0.03382663847780127,0.3409090909090909
P03,Chair_Dance,Concept-Adapter-MMR,0.13953488372093023,0.3023255813953488,-0.1627906976744186,0.4659090909090909,0.0,0.040697674418604654,-0.040697674418604654,0.3522727272727273
P03,Chair_Tree,Uniform,0.09302325581395349,0.2494714587737844,-0.15644820295983092,0.375,0.0,0.04016913319238901,-0.04016913319238901,0.3522727272727273
P03,Chair_Tree,Visual-BiLSTM,0.046511627906976744,0.14587737843551796,-0.09936575052854121,0.25,0.0,0.007928118393234672,-0.007928118393234672,0.38636363636363635
P03,Chair_Tree,CLIP-zero-shot,0.16279069767441862,0.26321353065539116,-0.10042283298097254,0.5568181818181818,0.0,0.0306553911205074,-0.0306553911205074,0.375
P03,Chair_Tree,Concept-Adapter-MMR,0.8837209302325582,0.3023255813953489,0.5813953488372092,0.8863636363636364,0.023255813953488372,0.030655391120507403,-0.0073995771670190315,0.7386363636363636
P03,Chocolate_Food,Uniform,0.627906976744186,0.23731501057082457,0.39059196617336145,0.8295454545454546,0.023255813953488372,0.03964059196617336,-0.016384778012684988,0.75
P03,Chocolate_Food,Visual-BiLSTM,0.11627906976744186,0.14429175475687103,-0.028012684989429174,0.5113636363636364,0.023255813953488372,0.007399577167019027,0.015856236786469344,0.8522727272727273
P03,Chocolate_Food,CLIP-zero-shot,0.9302325581395349,0.2547568710359408,0.6754756871035941,0.9318181818181818,0.06976744186046512,0.04175475687103594,0.028012684989429174,0.8863636363636364
P03,Chocolate_Food,Concept-Adapter-MMR,1.0,0.23784355179704014,0.7621564482029599,0.9431818181818182,0.046511627906976744,0.0354122621564482,0.011099365750528542,0.875
P03,Chocolate_Phone,Uniform,0.046511627906976744,0.2505285412262157,-0.20401691331923896,0.19318181818181818,0.0,0.04016913319238901,-0.04016913319238901,0.3522727272727273
P03,Chocolate_Phone,Visual-BiLSTM,0.06976744186046512,0.14534883720930233,-0.07558139534883722,0.375,0.0,0.007928118393234672,-0.007928118393234672,0.38636363636363635
P03,Chocolate_Phone,CLIP-zero-shot,0.06976744186046512,0.26849894291754756,-0.19873150105708243,0.4772727272727273,0.0,0.033298097251585626,-0.033298097251585626,0.375
P03,Chocolate_Phone,Concept-Adapter-MMR,0.32558139534883723,0.23995771670190277,0.08562367864693446,0.7272727272727273,0.0,0.026427061310782242,-0.026427061310782242,0.38636363636363635
P03,Chocolate_Street,Uniform,0.11627906976744186,0.24894291754756875,-0.1326638477801269,0.4659090909090909,0.0,0.04016913319238901,-0.04016913319238901,0.3522727272727273
P03,Chocolate_Street,Visual-BiLSTM,0.16279069767441862,0.14323467230443973,0.019556025369978886,0.6363636363636364,0.0,0.007928118393234672,-0.007928118393234672,0.38636363636363635
P03,Chocolate_Street,CLIP-zero-shot,0.18604651162790697,0.2542283298097252,-0.06818181818181823,0.5113636363636364,0.0,0.03329809725158562,-0.03329809725158562,0.36363636363636365
P03,Chocolate_Street,Concept-Adapter-MMR,0.9767441860465116,0.3054968287526428,0.6712473572938689,0.9318181818181818,0.0,0.031712473572938694,-0.031712473572938694,0.23863636363636365
P03,Chocolate_Tree,Uniform,0.06976744186046512,0.25000000000000006,-0.18023255813953493,0.2727272727272727,0.0,0.04016913319238901,-0.04016913319238901,0.3522727272727273
P03,Chocolate_Tree,Visual-BiLSTM,0.046511627906976744,0.14587737843551796,-0.09936575052854121,0.25,0.0,0.007928118393234672,-0.007928118393234672,0.38636363636363635
P03,Chocolate_Tree,CLIP-zero-shot,0.06976744186046512,0.24735729386892177,-0.17758985200845667,0.3409090909090909,0.0,0.03012684989429176,-0.03012684989429176,0.36363636363636365
P03,Chocolate_Tree,Concept-Adapter-MMR,0.8837209302325582,0.30866807610993663,0.5750528541226215,0.8295454545454546,0.0,0.031712473572938694,-0.031712473572938694,0.23863636363636365
P03,Computer_Cupglass,Uniform,0.23255813953488372,0.24630021141649053,-0.01374207188160681,0.6590909090909091,0.0,0.04016913319238901,-0.04016913319238901,0.3522727272727273
P03,Computer_Cupglass,Visual-BiLSTM,0.023255813953488372,0.1464059196617336,-0.12315010570824524,0.07954545454545454,0.023255813953488372,0.007399577167019027,0.015856236786469344,0.8522727272727273
P03,Computer_Cupglass,CLIP-zero-shot,0.7674418604651163,0.2415433403805497,0.5258985200845666,0.9204545454545454,0.16279069767441862,0.02378435517970402,0.1390063424947146,0.9545454545454546
P03,Computer_Cupglass,Concept-Adapter-MMR,1.0,0.24894291754756875,0.7510570824524312,0.9772727272727273,0.09302325581395349,0.023255813953488372,0.06976744186046512,0.8863636363636364
P03,Computer_Dance,Uniform,0.09302325581395349,0.2494714587737844,-0.15644820295983092,0.375,0.0,0.04016913319238901,-0.04016913319238901,0.3522727272727273
P03,Computer_Dance,Visual-BiLSTM,0.023255813953488372,0.1464059196617336,-0.12315010570824524,0.07954545454545454,0.0,0.007928118393234672,-0.007928118393234672,0.38636363636363635
P03,Computer_Dance,CLIP-zero-shot,0.7209302325581395,0.2436575052854123,0.4772727272727272,0.875,0.0,0.029069767441860465,-0.029069767441860465,0.375
P03,Computer_Dance,Concept-Adapter-MMR,1.0,0.20084566596194503,0.7991543340380549,0.9772727272727273,0.0,0.008985200845665961,-0.008985200845665961,0.4318181818181818
P03,Computer_Grass,Uniform,0.09302325581395349,0.2494714587737844,-0.15644820295983092,0.375,0.0,0.04016913319238901,-0.04016913319238901,0.3522727272727273
P03,Computer_Grass,Visual-BiLSTM,0.023255813953488372,0.1464059196617336,-0.12315010570824524,0.07954545454545454,0.0,0.007928118393234672,-0.007928118393234672,0.38636363636363635
P03,Computer_Grass,CLIP-zero-shot,0.7441860465116279,0.25105708245243136,0.49312896405919654,0.8977272727272727,0.0,0.026955602536997882,-0.026955602536997882,0.36363636363636365
P03,Computer_Grass,Concept-Adapter-MMR,1.0,0.20930232558139536,0.7906976744186046,0.9772727272727273,0.0,0.010042283298097253,-0.010042283298097253,0.42045454545454547
P03,Cupglass_Desk,Uniform,0.32558139534883723,0.24418604651162792,0.08139534883720931,0.7386363636363636,0.023255813953488372,0.03964059196617336,-0.016384778012684988,0.75
P03,Cupglass_Desk,Visual-BiLSTM,0.09302325581395349,0.14482029598308668,-0.051797040169133196,0.4431818181818182,0.023255813953488372,0.007399577167019027,0.015856236786469344,0.8522727272727273
P03,Cupglass_Desk,CLIP-zero-shot,0.3023255813953488,0.2637420718816068,0.03858350951374201,0.6363636363636364,0.023255813953488372,0.028012684989429174,-0.004756871035940802,0.7954545454545454
P03,Cupglass_Desk,Concept-Adapter-MMR,0.3953488372093023,0.25845665961945036,0.13689217758985195,0.7727272727272727,0.046511627906976744,0.04809725158562368,-0.0015856236786469385,0.7840909090909091
P03,Cupglass_Grass,Uniform,0.13953488372093023,0.2484143763213531,-0.10887949260042287,0.5795454545454546,0.0,0.04016913319238901,-0.04016913319238901,0.3522727272727273
P03,Cupglass_Grass,Visual-BiLSTM,0.023255813953488372,0.1464059196617336,-0.12315010570824524,0.07954545454545454,0.0,0.007928118393234672,-0.007928118393234672,0.38636363636363635
P03,Cupglass_Grass,CLIP-zero-shot,0.32558139534883723,0.2621564482029598,0.06342494714587743,0.6477272727272727,0.0,0.0306553911205074,-0.0306553911205074,0.375
P03,Cupglass_Grass,Concept-Adapter-MMR,0.46511627906976744,0.24841437632135308,0.21670190274841436,0.7045454545454546,0.0,0.0412262156448203,-0.0412262156448203,0.3977272727272727
P03,Cupglass_Lake,Uniform,0.13953488372093023,0.2484143763213531,-0.10887949260042287,0.5795454545454546,0.0,0.04016913319238901,-0.04016913319238901,0.3522727272727273
P03,Cupglass_Lake,Visual-BiLSTM,0.023255813953488372,0.1464059196617336,-0.12315010570824524,0.07954545454545454,0.0,0.007928118393234672,-0.007928118393234672,0.38636363636363635
P03,Cupglass_Lake,CLIP-zero-shot,0.2558139534883721,0.2563424947145878,-0.0005285412262157063,0.6022727272727273,0.0,0.029069767441860465,-0.029069767441860465,0.375
P03,Cupglass_Lake,Concept-Adapter-MMR,0.4186046511627907,0.24418604651162792,0.1744186046511628,0.7045454545454546,0.0,0.03858350951374207,-0.03858350951374207,0.3977272727272727
P03,Cupglass_Room,Uniform,0.32558139534883723,0.24418604651162792,0.08139534883720931,0.7386363636363636,0.11627906976744186,0.03752642706131079,0.07875264270613107,0.8863636363636364
P03,Cupglass_Room,Visual-BiLSTM,0.32558139534883723,0.13953488372093023,0.186046511627907,0.9545454545454546,0.0,0.007928118393234672,-0.007928118393234672,0.38636363636363635
P03,Cupglass_Room,CLIP-zero-shot,0.5348837209302325,0.2473572938689218,0.2875264270613107,0.7954545454545454,0.0,0.025369978858350958,-0.025369978858350958,0.375
P03,Cupglass_Room,Concept-Adapter-MMR,0.6744186046511628,0.25845665961945036,0.4159619450317124,0.8863636363636364,0.13953488372093023,0.045454545454545456,0.09408033826638477,0.8863636363636364
P03,Cupglass_Window,Uniform,0.32558139534883723,0.24418604651162792,0.08139534883720931,0.7386363636363636,0.046511627906976744,0.039112050739957716,0.007399577167019028,0.8295454545454546
P03,Cupglass_Window,Visual-BiLSTM,0.2558139534883721,0.14112050739957716,0.11469344608879495,0.7954545454545454,0.0,0.007928118393234672,-0.007928118393234672,0.38636363636363635
P03,Cupglass_Window,CLIP-zero-shot,0.46511627906976744,0.2552854122621565,0.20983086680761093,0.7272727272727273,0.023255813953488372,0.02748414376321353,-0.004228329809725158,0.7954545454545454
P03,Cupglass_Window,Concept-Adapter-MMR,0.5348837209302325,0.2489429175475687,0.2859408033826638,0.7840909090909091,0.023255813953488372,0.02854122621564482,-0.005285412262156449,0.7840909090909091
P03,Desk_Food,Uniform,0.6511627906976745,0.2367864693446089,0.41437632135306557,0.875,0.18604651162790697,0.03594080338266385,0.1501057082452431,0.9090909090909091
P03,Desk_Food,Visual-BiLSTM,0.18604651162790697,0.14270613107822408,0.043340380549682894,0.6931818181818182,0.023255813953488372,0.007399577167019027,0.015856236786469344,0.8522727272727273
P03,Desk_Food,CLIP-zero-shot,0.7209302325581395,0.24630021141649053,0.474630021141649,0.8977272727272727,0.09302325581395349,0.029069767441860465,0.06395348837209303,0.8977272727272727
P03,Desk_Food,Concept-Adapter-MMR,1.0,0.2320295983086681,0.7679704016913319,0.9431818181818182,0.20930232558139536,0.0306553911205074,0.17864693446088797,0.9659090909090909
P03,Desk_Hands,Uniform,0.813953488372093,0.23308668076109942,0.5808668076109936,0.9431818181818182,0.20930232558139536,0.03541226215644821,0.17389006342494714,0.9431818181818182
P03,Desk_Hands,Visual-BiLSTM,0.27906976744186046,0.14059196617336153,0.13847780126849893,0.8295454545454546,0.046511627906976744,0.006871035940803382,0.03964059196617336,0.9545454545454546
P03,Desk_Hands,CLIP-zero-shot,0.9069767441860465,0.2568710359408034,0.650105708245243,0.9659090909090909,0.2558139534883721,0.034355179704016914,0.2214587737843552,0.9318181818181818
P03,Desk_Hands,Concept-Adapter-MMR,1.0,0.2241014799154334,0.7758985200845666,0.9659090909090909,0.16279069767441862,0.03329809725158562,0.129492600422833,0.9659090909090909
P03,Desk_Tree,Uniform,0.2558139534883721,0.2457716701902749,0.010042283298097199,0.6818181818181818,0.0,0.04016913319238901,-0.04016913319238901,0.3522727272727273
P03,Desk_Tree,Visual-BiLSTM,0.11627906976744186,0.14429175475687103,-0.028012684989429174,0.5113636363636364,0.0,0.007928118393234672,-0.007928118393234672,0.38636363636363635
P03,Desk_Tree,CLIP-zero-shot,0.2558139534883721,0.28276955602537,-0.026955602536997914,0.6136363636363636,0.0,0.034355179704016914,-0.034355179704016914,0.3409090909090909
P03,Desk_Tree,Concept-Adapter-MMR,0.9069767441860465,0.3118393234672305,0.595137420718816,0.8181818181818182,0.023255813953488372,0.03171247357293869,-0.008456659619450316,0.7386363636363636
P03,Drink_Food,Uniform,0.6511627906976745,0.2367864693446089,0.41437632135306557,0.875,0.046511627906976744,0.039112050739957716,0.007399577167019028,0.8295454545454546
P03,Drink_Food,Visual-BiLSTM,0.11627906976744186,0.14429175475687103,-0.028012684989429174,0.5113636363636364,0.0,0.007928118393234672,-0.007928118393234672,0.38636363636363635
P03,Drink_Food,CLIP-zero-shot,0.8372093023255814,0.2547568710359408,0.5824524312896406,0.875,0.09302325581395349,0.03594080338266385,0.057082452431289635,0.9090909090909091
P03,Drink_Food,Concept-Adapter-MMR,1.0,0.24418604651162792,0.7558139534883721,0.9431818181818182,0.06976744186046512,0.03646934460887949,0.033298097251585626,0.9318181818181818
P03,Drink_Tree,Uniform,0.11627906976744186,0.24894291754756875,-0.1326638477801269,0.4659090909090909,0.0,0.04016913319238901,-0.04016913319238901,0.3522727272727273
P03,Drink_Tree,Visual-BiLSTM,0.023255813953488372,0.1464059196617336,-0.12315010570824524,0.07954545454545454,0.0,0.007928118393234672,-0.007928118393234672,0.38636363636363635
P03,Drink_Tree,CLIP-zero-shot,0.13953488372093023,0.26215644820295986,-0.12262156448202963,0.5454545454545454,0.0,0.035940803382663845,-0.035940803382663845,0.3522727272727273
P03,Drink_Tree,Concept-Adapter-MMR,0.8837209302325582,0.31025369978858347,0.5734672304439747,0.8181818181818182,0.0,0.03171247357293869,-0.03171247357293869,0.23863636363636365
P03,Face_Boat,Uniform,0.023255813953488372,0.25105708245243136,-0.227801268498943,0.11363636363636363,0.0,0.04016913319238901,-0.04016913319238901,0.3522727272727273
P03,Face_Boat,Visual-BiLSTM,0.06976744186046512,0.14534883720930233,-0.07558139534883722,0.375,0.0,0.007928118393234672,-0.007928118393234672,0.38636363636363635
P03,Face_Boat,CLIP-zero-shot,0.023255813953488372,0.2494714587737844,-0.22621564482029605,0.1590909090909091,0.0,0.03012684989429176,-0.03012684989429176,0.375
P03,Face_Boat,Concept-Adapter-MMR,0.27906976744186046,0.3023255813953489,-0.023255813953488413,0.625,0.0,0.049682875264270614,-0.049682875264270614,0.3522727272727273
P03,Food_Hands,Uniform,0.9069767441860465,0.23097251585623682,0.6760042283298097,1.0,0.5348837209302325,0.02801268498942918,0.5068710359408033,1.0
P03,Food_Hands,Visual-BiLSTM,0.27906976744186046,0.14059196617336153,0.13847780126849893,0.8295454545454546,0.06976744186046512,0.006342494714587738,0.06342494714587738,1.0
P03,Food_Hands,CLIP-zero-shot,1.0,0.23890063424947144,0.7610993657505285,0.9886363636363636,0.6046511627906976,0.023255813953488372,0.5813953488372092,1.0
P03,Food_Hands,Concept-Adapter-MMR,1.0,0.2378435517970402,0.7621564482029598,0.9090909090909091,1.0,0.016384778012684988,0.983615221987315,1.0
P03,Food_Lady,Uniform,0.627906976744186,0.23731501057082457,0.39059196617336145,0.8295454545454546,0.023255813953488372,0.03964059196617336,-0.016384778012684988,0.75
P03,Food_Lady,Visual-BiLSTM,0.23255813953488372,0.14164904862579283,0.09090909090909088,0.7613636363636364,0.023255813953488372,0.007399577167019027,0.015856236786469344,0.8522727272727273
P03,Food_Lady,CLIP-zero-shot,0.7674418604651163,0.26744186046511625,0.5,0.8409090909090909,0.0,0.040697674418604654,-0.040697674418604654,0.375
P03,Food_Lady,Concept-Adapter-MMR,1.0,0.23625792811839325,0.7637420718816068,0.9659090909090909,0.046511627906976744,0.03488372093023256,0.011627906976744186,0.8977272727272727
P03,Food_Room,Uniform,0.7209302325581395,0.235200845665962,0.4857293868921775,0.9090909090909091,0.20930232558139536,0.03541226215644821,0.17389006342494714,0.9431818181818182
P03,Food_Room,Visual-BiLSTM,0.37209302325581395,0.13847780126849896,0.233615221987315,0.9772727272727273,0.046511627906976744,0.006871035940803382,0.03964059196617336,0.9545454545454546
P03,Food_Room,CLIP-zero-shot,0.813953488372093,0.25528541226215645,0.5586680761099365,0.9204545454545454,0.27906976744186046,0.030126849894291752,0.2489429175475687,0.9772727272727273
P03,Food_Room,Concept-Adapter-MMR,1.0,0.24207188160676532,0.7579281183932347,0.9431818181818182,0.20930232558139536,0.0412262156448203,0.16807610993657507,0.9318181818181818
P03,Grass_Beach,Uniform,0.0,0.25158562367864695,-0.25158562367864695,0.022727272727272728,0.0,0.04016913319238901,-0.04016913319238901,0.3522727272727273
P03,Grass_Beach,Visual-BiLSTM,0.023255813953488372,0.1464059196617336,-0.12315010570824524,0.07954545454545454,0.0,0.007928118393234672,-0.007928118393234672,0.38636363636363635
P03,Grass_Beach,CLIP-zero-shot,0.0,0.2558139534883721,-0.2558139534883721,0.10227272727272728,0.0,0.030655391120507403,-0.030655391120507403,0.3522727272727273
P03,Grass_Beach,Concept-Adapter-MMR,0.27906976744186046,0.3218816067653277,-0.042811839323467216,0.6477272727272727,0.0,0.030655391120507403,-0.030655391120507403,0.23863636363636365
P03,Grass_Men,Uniform,0.023255813953488372,0.2510570824524313,-0.22780126849894294,0.11363636363636363,0.0,0.04016913319238901,-0.04016913319238901,0.3522727272727273
P03,Grass_Men,Visual-BiLSTM,0.06976744186046512,0.14534883720930233,-0.07558139534883722,0.375,0.0,0.007928118393234672,-0.007928118393234672,0.38636363636363635
P03,Grass_Men,CLIP-zero-shot,0.046511627906976744,0.26215644820295986,-0.21564482029598311,0.26136363636363635,0.0,0.03382663847780127,-0.03382663847780127,0.36363636363636365
P03,Grass_Men,Concept-Adapter-MMR,0.20930232558139536,0.25581395348837216,-0.0465116279069768,0.6136363636363636,0.0,0.027484143763213533,-0.027484143763213533,0.3409090909090909
P03,Hall_Ocean,Uniform,0.0,0.25158562367864695,-0.25158562367864695,0.022727272727272728,0.0,0.04016913319238901,-0.04016913319238901,0.3522727272727273
P03,Hall_Ocean,Visual-BiLSTM,0.18604651162790697,0.14270613107822408,0.043340380549682894,0.6931818181818182,0.0,0.007928118393234672,-0.007928118393234672,0.38636363636363635
P03,Hall_Ocean,CLIP-zero-shot,0.06976744186046512,0.2568710359408034,-0.18710359408033828,0.2840909090909091,0.0,0.029069767441860465,-0.029069767441860465,0.375
P03,Hall_Ocean,Concept-Adapter-MMR,0.13953488372093023,0.2071881606765328,-0.06765327695560258,0.4318181818181818,0.0,0.014270613107822407,-0.014270613107822407,0.36363636363636365
P03,Hands_Boat,Uniform,0.813953488372093,0.23308668076109937,0.5808668076109936,0.9431818181818182,0.0,0.04016913319238901,-0.04016913319238901,0.3522727272727273
P03,Hands_Boat,Visual-BiLSTM,0.23255813953488372,0.1416490486257928,0.09090909090909091,0.7613636363636364,0.0,0.007928118393234672,-0.007928118393234672,0.38636363636363635
P03,Hands_Boat,CLIP-zero-shot,0.813953488372093,0.23361522198731507,0.5803382663847779,0.9318181818181818,0.0,0.03171247357293869,-0.03171247357293869,0.3522727272727273
P03,Hands_Boat,Concept-Adapter-MMR,1.0,0.23995771670190277,0.7600422832980972,0.9090909090909091,0.0,0.04281183932346723,-0.04281183932346723,0.38636363636363635
P03,Hands_Room,Uniform,0.8604651162790697,0.2320295983086681,0.6284355179704016,0.9772727272727273,0.2558139534883721,0.034355179704016914,0.2214587737843552,0.9772727272727273
P03,Hands_Room,Visual-BiLSTM,0.4883720930232558,0.13583509513742073,0.35253699788583504,1.0,0.046511627906976744,0.006871035940803382,0.03964059196617336,0.9545454545454546
P03,Hands_Room,CLIP-zero-shot,0.8837209302325582,0.26162790697674426,0.622093023255814,1.0,0.27906976744186046,0.030655391120507403,0.24841437632135305,0.9772727272727273
P03,Hands_Room,Concept-Adapter-MMR,1.0,0.21088794926004228,0.7891120507399577,0.9659090909090909,0.18604651162790697,0.03224101479915434,0.15380549682875264,0.9772727272727273
P03,Lady_Sports,Uniform,0.023255813953488372,0.2510570824524313,-0.22780126849894294,0.11363636363636363,0.0,0.04016913319238901,-0.04016913319238901,0.3522727272727273
P03,Lady_Sports,Visual-BiLSTM,0.13953488372093023,0.14376321353065538,-0.004228329809725151,0.5795454545454546,0.0,0.007928118393234672,-0.007928118393234672,0.38636363636363635
P03,Lady_Sports,CLIP-zero-shot,0.023255813953488372,0.25845665961945036,-0.235200845665962,0.11363636363636363,0.0,0.03382663847780127,-0.03382663847780127,0.3409090909090909
P03,Lady_Sports,Concept-Adapter-MMR,0.4186046511627907,0.23731501057082455,0.18128964059196617,0.7386363636363636,0.0,0.023255813953488372,-0.023255813953488372,0.38636363636363635
P03,Market_Beach,Uniform,0.13953488372093023,0.2484143763213531,-0.10887949260042287,0.5795454545454546,0.0,0.04016913319238901,-0.04016913319238901,0.3522727272727273
P03,Market_Beach,Visual-BiLSTM,0.046511627906976744,0.14587737843551796,-0.09936575052854121,0.25,0.0,0.007928118393234672,-0.007928118393234672,0.38636363636363635
P03,Market_Beach,CLIP-zero-shot,0.27906976744186046,0.26004228329809725,0.019027484143763207,0.625,0.0,0.03118393234672305,-0.03118393234672305,0.3522727272727273
P03,Market_Beach,Concept-Adapter-MMR,0.9767441860465116,0.2056025369978859,0.7711416490486257,0.9886363636363636,0.0,0.01215644820295983,-0.01215644820295983,0.3977272727272727
P03,Market_Sun,Uniform,0.13953488372093023,0.2484143763213531,-0.10887949260042287,0.5795454545454546,0.0,0.04016913319238901,-0.04016913319238901,0.3522727272727273
P03,Market_Sun,Visual-BiLSTM,0.06976744186046512,0.14534883720930233,-0.07558139534883722,0.375,0.0,0.007928118393234672,-0.007928118393234672,0.38636363636363635
P03,Market_Sun,CLIP-zero-shot,0.2558139534883721,0.2817124735729387,-0.025898520084566612,0.5909090909090909,0.0,0.03329809725158563,-0.03329809725158563,0.3409090909090909
P03,Market_Sun,Concept-Adapter-MMR,0.9767441860465116,0.2019027484143763,0.7748414376321353,0.9886363636363636,0.0,0.010570824524312896,-0.010570824524312896,0.3977272727272727
P03,Men_Sun,Uniform,0.023255813953488372,0.2510570824524313,-0.22780126849894294,0.11363636363636363,0.0,0.04016913319238901,-0.04016913319238901,0.3522727272727273
P03,Men_Sun,Visual-BiLSTM,0.11627906976744186,0.14429175475687103,-0.028012684989429174,0.5113636363636364,0.0,0.007928118393234672,-0.007928118393234672,0.38636363636363635
P03,Men_Sun,CLIP-zero-shot,0.023255813953488372,0.2653276955602537,-0.24207188160676535,0.1590909090909091,0.0,0.03276955602536999,-0.03276955602536999,0.3522727272727273
P03,Men_Sun,Concept-Adapter-MMR,0.20930232558139536,0.2542283298097252,-0.04492600422832985,0.6022727272727273,0.0,0.029069767441860465,-0.029069767441860465,0.3522727272727273
P03,Office_Tree,Uniform,0.06976744186046512,0.25,-0.18023255813953487,0.2727272727272727,0.0,0.04016913319238901,-0.04016913319238901,0.3522727272727273
P03,Office_Tree,Visual-BiLSTM,0.09302325581395349,0.14482029598308668,-0.051797040169133196,0.4431818181818182,0.0,0.007928118393234672,-0.007928118393234672,0.38636363636363635
P03,Office_Tree,CLIP-zero-shot,0.23255813953488372,0.28329809725158567,-0.05073995771670195,0.5795454545454546,0.0,0.030126849894291752,-0.030126849894291752,0.3409090909090909
P03,Office_Tree,Concept-Adapter-MMR,0.8837209302325582,0.3086680761099366,0.5750528541226216,0.8295454545454546,0.0,0.031712473572938694,-0.031712473572938694,0.23863636363636365
P03,Phone_Ocean,Uniform,0.023255813953488372,0.2510570824524313,-0.22780126849894294,0.11363636363636363,0.0,0.04016913319238901,-0.04016913319238901,0.3522727272727273
P03,Phone_Ocean,Visual-BiLSTM,0.046511627906976744,0.14587737843551796,-0.09936575052854121,0.25,0.0,0.007928118393234672,-0.007928118393234672,0.38636363636363635
P03,Phone_Ocean,CLIP-zero-shot,0.023255813953488372,0.26321353065539116,-0.2399577167019028,0.14772727272727273,0.0,0.02695560253699789,-0.02695560253699789,0.36363636363636365
P03,Phone_Ocean,Concept-Adapter-MMR,0.3023255813953488,0.23995771670190277,0.062367864693446046,0.6931818181818182,0.0,0.026427061310782242,-0.026427061310782242,0.38636363636363635
P03,Room_Baby,Uniform,0.32558139534883723,0.24418604651162792,0.08139534883720931,0.7386363636363636,0.0,0.04016913319238901,-0.04016913319238901,0.3522727272727273
P03,Room_Baby,Visual-BiLSTM,0.3023255813953488,0.14006342494714588,0.16226215644820294,0.8977272727272727,0.0,0.007928118393234672,-0.007928118393234672,0.38636363636363635
P03,Room_Baby,CLIP-zero-shot,0.3953488372093023,0.2579281183932347,0.1374207188160676,0.6704545454545454,0.0,0.03171247357293869,-0.03171247357293869,0.375
P03,Room_Baby,Concept-Adapter-MMR,0.6511627906976745,0.2669133192389006,0.38424947145877386,0.875,0.0,0.047040169133192394,-0.047040169133192394,0.3522727272727273
P03,Room_Sky,Uniform,0.37209302325581395,0.24312896405919665,0.1289640591966173,0.7954545454545454,0.046511627906976744,0.039112050739957716,0.007399577167019028,0.8295454545454546
P03,Room_Sky,Visual-BiLSTM,0.3023255813953488,0.14006342494714588,0.16226215644820294,0.8977272727272727,0.023255813953488372,0.007399577167019028,0.015856236786469344,0.8522727272727273
P03,Room_Sky,CLIP-zero-shot,0.6046511627906976,0.27642706131078226,0.3282241014799154,0.875,0.11627906976744186,0.029069767441860465,0.0872093023255814,0.9204545454545454
P03,Room_Sky,Concept-Adapter-MMR,0.8372093023255814,0.28329809725158567,0.5539112050739958,1.0,0.09302325581395349,0.03911205073995772,0.053911205073995765,0.8863636363636364
P03,Sign_Student,Uniform,0.06976744186046512,0.25000000000000006,-0.18023255813953493,0.2727272727272727,0.0,0.04016913319238901,-0.04016913319238901,0.3522727272727273
P03,Sign_Student,Visual-BiLSTM,0.046511627906976744,0.14587737843551796,-0.09936575052854121,0.25,0.0,0.007928118393234672,-0.007928118393234672,0.38636363636363635
P03,Sign_Student,CLIP-zero-shot,0.046511627906976744,0.2610993657505286,-0.21458773784355187,0.20454545454545456,0.0,0.02536997885835095,-0.02536997885835095,0.36363636363636365
P03,Sign_Student,Concept-Adapter-MMR,0.20930232558139536,0.2177589852008457,-0.00845665961945033,0.7386363636363636,0.0,0.009513742071881607,-0.009513742071881607,0.4090909090909091
P03,Street_Kids,Uniform,0.11627906976744186,0.24894291754756875,-0.1326638477801269,0.4659090909090909,0.0,0.04016913319238901,-0.04016913319238901,0.3522727272727273
P03,Street_Kids,Visual-BiLSTM,0.13953488372093023,0.14376321353065538,-0.004228329809725151,0.5795454545454546,0.0,0.007928118393234672,-0.007928118393234672,0.38636363636363635
P03,Street_Kids,CLIP-zero-shot,0.23255813953488372,0.26321353065539116,-0.03065539112050744,0.4772727272727273,0.0,0.028012684989429174,-0.028012684989429174,0.375
P03,Street_Kids,Concept-Adapter-MMR,0.9767441860465116,0.3054968287526428,0.6712473572938689,0.9318181818181818,0.023255813953488372,0.030655391120507403,-0.0073995771670190315,0.7386363636363636
P03,Sun_Student,Uniform,0.0,0.25158562367864695,-0.25158562367864695,0.022727272727272728,0.0,0.04016913319238901,-0.04016913319238901,0.3522727272727273
P03,Sun_Student,Visual-BiLSTM,0.046511627906976744,0.14587737843551796,-0.09936575052854121,0.25,0.0,0.007928118393234672,-0.007928118393234672,0.38636363636363635
P03,Sun_Student,CLIP-zero-shot,0.046511627906976744,0.28435517970401697,-0.23784355179704023,0.18181818181818182,0.0,0.03329809725158562,-0.03329809725158562,0.36363636363636365
P03,Sun_Student,Concept-Adapter-MMR,0.0,0.21405919661733622,-0.21405919661733622,0.045454545454545456,0.0,0.01744186046511628,-0.01744186046511628,0.3977272727272727
P04,Blonde_Beach,Uniform,0.0,0.1578104993597951,-0.1578104993597951,0.045454545454545456,0.0,0.013764404609475034,-0.013764404609475034,0.375
P04,Blonde_Beach,Visual-BiLSTM,0.0,0.16229193341869397,-0.16229193341869397,0.11363636363636363,0.0,0.020486555697823303,-0.020486555697823303,0.36363636363636365
P04,Blonde_Beach,CLIP-zero-shot,0.0,0.1706145966709347,-0.1706145966709347,0.06818181818181818,0.0,0.016645326504481434,-0.016645326504481434,0.36363636363636365
P04,Blonde_Beach,Concept-Adapter-MMR,0.014084507042253521,0.24455825864276567,-0.23047375160051214,0.056818181818181816,0.0,0.006722151088348271,-0.006722151088348271,0.36363636363636365
P04,Blonde_Food,Uniform,0.0,0.1578104993597951,-0.1578104993597951,0.045454545454545456,0.0,0.013764404609475034,-0.013764404609475034,0.375
P04,Blonde_Food,Visual-BiLSTM,0.0,0.16229193341869397,-0.16229193341869397,0.11363636363636363,0.0,0.020486555697823303,-0.020486555697823303,0.36363636363636365
P04,Blonde_Food,CLIP-zero-shot,0.0,0.16005121638924458,-0.16005121638924458,0.07954545454545454,0.0,0.017925736235595388,-0.017925736235595388,0.36363636363636365
P04,Blonde_Food,Concept-Adapter-MMR,0.16901408450704225,0.20422535211267603,-0.035211267605633784,0.5909090909090909,0.0,0.019526248399487835,-0.019526248399487835,0.3522727272727273
P04,Blonde_Garden,Uniform,0.0,0.1578104993597951,-0.1578104993597951,0.045454545454545456,0.0,0.013764404609475034,-0.013764404609475034,0.375
P04,Blonde_Garden,Visual-BiLSTM,0.0,0.16229193341869397,-0.16229193341869397,0.11363636363636363,0.0,0.020486555697823303,-0.020486555697823303,0.36363636363636365
P04,Blonde_Garden,CLIP-zero-shot,0.0,0.16997439180537774,-0.16997439180537774,0.10227272727272728,0.0,0.0176056338028169,-0.0176056338028169,0.36363636363636365
P04,Blonde_Garden,Concept-Adapter-MMR,0.1267605633802817,0.22823303457106273,-0.10147247119078104,0.5227272727272727,0.0,0.005121638924455826,-0.005121638924455826,0.4090909090909091
P04,Book_Chair,Uniform,0.4788732394366197,0.1469270166453265,0.33194622279129316,0.9545454545454546,0.028169014084507043,0.013124199743918053,0.01504481434058899,0.8295454545454546
P04,Book_Chair,Visual-BiLSTM,0.2112676056338028,0.15749039692701663,0.05377720870678618,0.8181818181818182,0.07042253521126761,0.01888604353393086,0.051536491677336746,0.9431818181818182
P04,Book_Chair,CLIP-zero-shot,0.28169014084507044,0.15460947503201025,0.12708066581306018,0.8295454545454546,0.014084507042253521,0.018886043533930856,-0.004801536491677335,0.8181818181818182
P04,Book_Chair,Concept-Adapter-MMR,0.8591549295774648,0.15268886043533933,0.7064660691421254,1.0,0.18309859154929578,0.012163892445582587,0.1709346991037132,0.9772727272727273
P04,Book_Sports,Uniform,0.16901408450704225,0.15396927016645326,0.015044814340588991,0.6931818181818182,0.0,0.013764404609475034,-0.013764404609475034,0.375
P04,Book_Sports,Visual-BiLSTM,0.16901408450704225,0.15845070422535212,0.010563380281690127,0.6590909090909091,0.0,0.020486555697823303,-0.020486555697823303,0.36363636363636365
P04,Book_Sports,CLIP-zero-shot,0.028169014084507043,0.16389244558258642,-0.1357234314980794,0.38636363636363635,0.0,0.01792573623559539,-0.01792573623559539,0.3522727272727273
P04,Book_Sports,Concept-Adapter-MMR,0.7464788732394366,0.1296414852752881,0.6168373879641486,0.9772727272727273,0.0,0.008962868117797694,-0.008962868117797694,0.45454545454545453
P04,Building_School,Uniform,0.22535211267605634,0.1526888604353393,0.07266325224071704,0.7727272727272727,0.014084507042253521,0.013444302176696545,0.0006402048655569769,0.7727272727272727
P04,Building_School,Visual-BiLSTM,0.18309859154929578,0.15813060179257363,0.024967989756722153,0.7159090909090909,0.014084507042253521,0.020166453265044813,-0.006081946222791292,0.8068181818181818
P04,Building_School,CLIP-zero-shot,0.4225352112676056,0.1680537772087068,0.25448143405889884,0.8636363636363636,0.014084507042253521,0.01856594110115237,-0.004481434058898849,0.7954545454545454
P04,Building_School,Concept-Adapter-MMR,0.8309859154929577,0.2221510883482715,0.6088348271446863,0.9772727272727273,0.04225352112676056,0.011843790012804096,0.030409731113956465,0.9204545454545454
P04,Building_Window,Uniform,0.2676056338028169,0.15172855313700384,0.11587708066581304,0.7954545454545454,0.056338028169014086,0.012483994878361075,0.04385403329065301,0.9431818181818182
P04,Building_Window,Visual-BiLSTM,0.2535211267605634,0.15653008962868117,0.0969910371318822,0.8863636363636364,0.04225352112676056,0.01952624839948783,0.02272727272727273,0.9090909090909091
P04,Building_Window,CLIP-zero-shot,0.5211267605633803,0.16037131882202305,0.3607554417413572,0.9318181818181818,0.04225352112676056,0.01888604353393086,0.023367477592829703,0.8522727272727273
P04,Building_Window,Concept-Adapter-MMR,0.8732394366197183,0.2080665813060179,0.6651728553137004,1.0,0.19718309859154928,0.01056338028169014,0.18661971830985913,1.0
P04,Car_Chocolate,Uniform,0.028169014084507043,0.15717029449423817,-0.12900128040973113,0.2727272727272727,0.0,0.013764404609475034,-0.013764404609475034,0.375
P04,Car_Chocolate,Visual-BiLSTM,0.014084507042253521,0.1619718309859155,-0.14788732394366197,0.29545454545454547,0.0,0.020486555697823303,-0.020486555697823303,0.36363636363636365
P04,Car_Chocolate,CLIP-zero-shot,0.028169014084507043,0.18405889884763124,-0.1558898847631242,0.29545454545454547,0.0,0.018245838668373877,-0.018245838668373877,0.3522727272727273
P04,Car_Chocolate,Concept-Adapter-MMR,0.5774647887323944,0.25672215108834834,0.32074263764404604,0.8636363636363636,0.0,0.004481434058898847,-0.004481434058898847,0.42045454545454547
P04,Car_Food,Uniform,0.028169014084507043,0.15717029449423817,-0.12900128040973113,0.2727272727272727,0.0,0.013764404609475034,-0.013764404609475034,0.375
P04,Car_Food,Visual-BiLSTM,0.0,0.16229193341869397,-0.16229193341869397,0.11363636363636363,0.0,0.020486555697823303,-0.020486555697823303,0.36363636363636365
P04,Car_Food,CLIP-zero-shot,0.014084507042253521,0.18085787451984633,-0.1667733674775928,0.18181818181818182,0.0,0.017605633802816902,-0.017605633802816902,0.3522727272727273
P04,Car_Food,Concept-Adapter-MMR,0.5352112676056338,0.24487836107554423,0.29033290653008953,0.8522727272727273,0.0,0.00704225352112676,-0.00704225352112676,0.3977272727272727
P04,Car_Market,Uniform,0.04225352112676056,0.15685019206145967,-0.11459667093469911,0.375,0.0,0.013764404609475034,-0.013764404609475034,0.375
P04,Car_Market,Visual-BiLSTM,0.0,0.16229193341869397,-0.16229193341869397,0.11363636363636363,0.0,0.020486555697823303,-0.020486555697823303,0.36363636363636365
P04,Car_Market,CLIP-zero-shot,0.04225352112676056,0.18822023047375158,-0.14596670934699102,0.3068181818181818,0.0,0.01952624839948783,-0.01952624839948783,0.3522727272727273
P04,Car_Market,Concept-Adapter-MMR,0.6197183098591549,0.2435979513444302,0.3761203585147247,0.9318181818181818,0.0,0.002880921895006402,-0.002880921895006402,0.4318181818181818
P04,Car_Ocean,Uniform,0.04225352112676056,0.15685019206145967,-0.11459667093469911,0.375,0.0,0.013764404609475034,-0.013764404609475034,0.375
P04,Car_Ocean,Visual-BiLSTM,0.0,0.16229193341869397,-0.16229193341869397,0.11363636363636363,0.0,0.020486555697823303,-0.020486555697823303,0.36363636363636365
P04,Car_Ocean,CLIP-zero-shot,0.014084507042253521,0.18725992317541615,-0.17317541613316262,0.20454545454545456,0.0,0.016325224071702945,-0.016325224071702945,0.38636363636363635
P04,Car_Ocean,Concept-Adapter-MMR,0.5352112676056338,0.25384122919334184,0.2813700384122919,0.7613636363636364,0.0,0.004481434058898847,-0.004481434058898847,0.4318181818181818
P04,Car_Office,Uniform,0.08450704225352113,0.1558898847631242,-0.07138284250960308,0.5340909090909091,0.0,0.013764404609475034,-0.013764404609475034,0.375
P04,Car_Office,Visual-BiLSTM,0.14084507042253522,0.1590909090909091,-0.01824583866837387,0.5909090909090909,0.0,0.020486555697823303,-0.020486555697823303,0.36363636363636365
P04,Car_Office,CLIP-zero-shot,0.04225352112676056,0.1677336747759283,-0.12548015364916773,0.4431818181818182,0.0,0.017605633802816902,-0.017605633802816902,0.3522727272727273
P04,Car_Office,Concept-Adapter-MMR,0.5352112676056338,0.25384122919334184,0.2813700384122919,0.7954545454545454,0.0,0.005761843790012804,-0.005761843790012804,0.42045454545454547
P04,Car_Sign,Uniform,0.028169014084507043,0.15717029449423817,-0.12900128040973113,0.2727272727272727,0.0,0.013764404609475034,-0.013764404609475034,0.375
P04,Car_Sign,Visual-BiLSTM,0.0,0.16229193341869397,-0.16229193341869397,0.11363636363636363,0.0,0.020486555697823303,-0.020486555697823303,0.36363636363636365
P04,Car_Sign,CLIP-zero-shot,0.028169014084507043,0.17605633802816903,-0.147887323943662,0.29545454545454547,0.0,0.014404609475032009,-0.014404609475032009,0.3977272727272727
P04,Car_Sign,Concept-Adapter-MMR,0.5492957746478874,0.25064020486555694,0.29865556978233043,0.8068181818181818,0.0,0.0038412291933418692,-0.0038412291933418692,0.4318181818181818
P04,Chair_Men,Uniform,0.4647887323943662,0.147247119078105,0.3175416133162612,0.9204545454545454,0.056338028169014086,0.012483994878361075,0.04385403329065301,0.9431818181818182
P04,Chair_Men,Visual-BiLSTM,0.18309859154929578,0.15813060179257363,0.024967989756722153,0.7159090909090909,0.014084507042253521,0.020166453265044813,-0.006081946222791292,0.8068181818181818
P04,Chair_Men,CLIP-zero-shot,0.36619718309859156,0.1533290653008963,0.21286811779769527,0.8636363636363636,0.056338028169014086,0.018886043533930856,0.03745198463508323,0.9090909090909091
P04,Chair_Men,Concept-Adapter-MMR,0.9014084507042254,0.26248399487836105,0.6389244558258643,0.9886363636363636,0.29577464788732394,0.02976952624839949,0.2660051216389244,0.9772727272727273
P04,Computer_Beach,Uniform,0.6619718309859155,0.14276568501920614,0.5192061459667093,0.9772727272727273,0.0,0.013764404609475034,-0.013764404609475034,0.375
P04,Computer_Beach,Visual-BiLSTM,0.6901408450704225,0.146606914212548,0.5435339308578745,0.9090909090909091,0.0,0.020486555697823303,-0.020486555697823303,0.36363636363636365
P04,Computer_Beach,CLIP-zero-shot,0.9859154929577465,0.15909090909090914,0.8268245838668373,0.9886363636363636,0.0,0.01568501920614597,-0.01568501920614597,0.36363636363636365
P04,Computer_Beach,Concept-Adapter-MMR,1.0,0.09603072983354675,0.9039692701664532,0.9886363636363636,0.0,0.012163892445582586,-0.012163892445582586,0.42045454545454547
P04,Computer_Room,Uniform,0.7887323943661971,0.13988476312419976,0.6488476312419974,1.0,0.2112676056338028,0.008962868117797696,0.2023047375160051,1.0
P04,Computer_Room,Visual-BiLSTM,0.9436619718309859,0.14084507042253522,0.8028169014084506,1.0,0.4507042253521127,0.010243277848911651,0.44046094750320103,1.0
P04,Computer_Room,CLIP-zero-shot,0.971830985915493,0.1526888604353393,0.8191421254801536,1.0,0.39436619718309857,0.012163892445582586,0.382202304737516,1.0
P04,Computer_Room,Concept-Adapter-MMR,1.0,0.1126760563380282,0.8873239436619718,0.9886363636363636,0.4084507042253521,0.004481434058898848,0.4039692701664533,1.0
P04,Cupglass_Boat,Uniform,0.028169014084507043,0.15717029449423817,-0.12900128040973113,0.2727272727272727,0.0,0.013764404609475034,-0.013764404609475034,0.375
P04,Cupglass_Boat,Visual-BiLSTM,0.08450704225352113,0.16037131882202305,-0.07586427656850192,0.5227272727272727,0.0,0.020486555697823303,-0.020486555697823303,0.36363636363636365
P04,Cupglass_Boat,CLIP-zero-shot,0.028169014084507043,0.1734955185659411,-0.14532650448143405,0.3409090909090909,0.0,0.01536491677336748,-0.01536491677336748,0.375
P04,Cupglass_Boat,Concept-Adapter-MMR,0.2112676056338028,0.22151088348271444,-0.01024327784891163,0.6363636363636364,0.0,0.028809218950064018,-0.028809218950064018,0.3409090909090909
P04,Desk_Men,Uniform,0.3380281690140845,0.15012804097311142,0.18790012804097309,0.8295454545454546,0.04225352112676056,0.012804097311139566,0.029449423815620997,0.8977272727272727
P04,Desk_Men,Visual-BiLSTM,0.22535211267605634,0.15717029449423814,0.0681818181818182,0.8636363636363636,0.028169014084507043,0.019846350832266324,0.008322663252240719,0.8863636363636364
P04,Desk_Men,CLIP-zero-shot,0.22535211267605634,0.15300896286811783,0.07234314980793852,0.7954545454545454,0.028169014084507043,0.015685019206145966,0.012483994878361077,0.875
P04,Desk_Men,Concept-Adapter-MMR,0.9436619718309859,0.2759282970550576,0.6677336747759283,1.0,0.4225352112676056,0.03681177976952625,0.38572343149807936,1.0
P04,Desk_Ocean,Uniform,0.2112676056338028,0.1530089628681178,0.058258642765685015,0.75,0.0,0.013764404609475034,-0.013764404609475034,0.375
P04,Desk_Ocean,Visual-BiLSTM,0.18309859154929578,0.15813060179257363,0.024967989756722153,0.7159090909090909,0.0,0.020486555697823303,-0.020486555697823303,0.36363636363636365
P04,Desk_Ocean,CLIP-zero-shot,0.15492957746478872,0.1702944942381562,-0.015364916773367487,0.6590909090909091,0.0,0.01888604353393086,-0.01888604353393086,0.375
P04,Desk_Ocean,Concept-Adapter-MMR,0.6619718309859155,0.2877720870678617,0.3741997439180538,0.8409090909090909,0.0,0.052496798975672214,-0.052496798975672214,0.36363636363636365
P04,Desk_Room,Uniform,0.4647887323943662,0.147247119078105,0.3175416133162612,0.9204545454545454,0.07042253521126761,0.012163892445582586,0.05825864276568502,0.9772727272727273
P04,Desk_Room,Visual-BiLSTM,0.7323943661971831,0.14564660691421255,0.5867477592829706,0.9545454545454546,0.15492957746478872,0.01696542893725992,0.1379641485275288,0.9772727272727273
P04,Desk_Room,CLIP-zero-shot,0.6619718309859155,0.15076824583866838,0.5112035851472472,0.9545454545454546,0.15492957746478872,0.016965428937259924,0.1379641485275288,0.9772727272727273
P04,Desk_Room,Concept-Adapter-MMR,0.8732394366197183,0.22919334186939821,0.64404609475032,0.9886363636363636,0.2676056338028169,0.034571062740076826,0.23303457106274006,0.9545454545454546
P04,Drink_Tree,Uniform,0.16901408450704225,0.15396927016645326,0.015044814340588991,0.6931818181818182,0.028169014084507043,0.013124199743918053,0.01504481434058899,0.8295454545454546
P04,Drink_Tree,Visual-BiLSTM,0.056338028169014086,0.16101152368758,-0.10467349551856592,0.4772727272727273,0.0,0.020486555697823303,-0.020486555697823303,0.36363636363636365
P04,Drink_Tree,CLIP-zero-shot,0.3380281690140845,0.16005121638924458,0.17797695262483992,0.8409090909090909,0.07042253521126761,0.01504481434058899,0.05537772087067862,0.9545454545454546
P04,Drink_Tree,Concept-Adapter-MMR,1.0,0.23815620998719592,0.7618437900128041,0.9886363636363636,0.028169014084507043,0.002880921895006402,0.025288092189500642,0.9659090909090909
P04,Face_Party,Uniform,0.014084507042253521,0.15749039692701666,-0.14340588988476313,0.14772727272727273,0.0,0.013764404609475032,-0.013764404609475032,0.375
P04,Face_Party,Visual-BiLSTM,0.0,0.162291933418694,-0.162291933418694,0.11363636363636363,0.0,0.020486555697823303,-0.020486555697823303,0.36363636363636365
P04,Face_Party,CLIP-zero-shot,0.0,0.16229193341869397,-0.16229193341869397,0.10227272727272728,0.0,0.016005121638924456,-0.016005121638924456,0.36363636363636365
P04,Face_Party,Concept-Adapter-MMR,0.04225352112676056,0.27080665813060184,-0.22855313700384128,0.125,0.0,0.02784891165172855,-0.02784891165172855,0.375
P04,Food_Garden,Uniform,0.0,0.15781049935979513,-0.15781049935979513,0.045454545454545456,0.0,0.013764404609475032,-0.013764404609475032,0.375
P04,Food_Garden,Visual-BiLSTM,0.0,0.162291933418694,-0.162291933418694,0.11363636363636363,0.0,0.020486555697823303,-0.020486555697823303,0.36363636363636365
P04,Food_Garden,CLIP-zero-shot,0.014084507042253521,0.17797695262483995,-0.16389244558258642,0.14772727272727273,0.0,0.017605633802816902,-0.017605633802816902,0.36363636363636365
P04,Food_Garden,Concept-Adapter-MMR,0.2112676056338028,0.2029449423815621,0.008322663252240708,0.6590909090909091,0.0,0.01888604353393086,-0.01888604353393086,0.3522727272727273
P04,Food_Sky,Uniform,0.028169014084507043,0.15717029449423817,-0.12900128040973113,0.2727272727272727,0.0,0.013764404609475032,-0.013764404609475032,0.375
P04,Food_Sky,Visual-BiLSTM,0.014084507042253521,0.1619718309859155,-0.14788732394366197,0.29545454545454547,0.0,0.020486555697823303,-0.020486555697823303,0.36363636363636365
P04,Food_Sky,CLIP-zero-shot,0.0,0.16965428937259922,-0.16965428937259922,0.07954545454545454,0.0,0.01888604353393086,-0.01888604353393086,0.3522727272727273
P04,Food_Sky,Concept-Adapter-MMR,0.5774647887323944,0.24007682458386687,0.3373879641485275,0.8636363636363636,0.0,0.004801536491677337,-0.004801536491677337,0.4318181818181818
P04,Food_Street,Uniform,0.14084507042253522,0.15460947503201025,-0.013764404609475034,0.6477272727272727,0.0,0.013764404609475032,-0.013764404609475032,0.375
P04,Food_Street,Visual-BiLSTM,0.014084507042253521,0.1619718309859155,-0.14788732394366197,0.29545454545454547,0.0,0.020486555697823303,-0.020486555697823303,0.36363636363636365
P04,Food_Street,CLIP-zero-shot,0.15492957746478872,0.19206145966709345,-0.03713188220230473,0.6022727272727273,0.0,0.020166453265044817,-0.020166453265044817,0.3409090909090909
P04,Food_Street,Concept-Adapter-MMR,0.8732394366197183,0.24135723431498077,0.6318822023047375,0.9545454545454546,0.0,0.005121638924455826,-0.005121638924455826,0.4090909090909091
P04,Garden_Hall,Uniform,0.08450704225352113,0.1558898847631242,-0.07138284250960308,0.5340909090909091,0.0,0.013764404609475032,-0.013764404609475032,0.375
P04,Garden_Hall,Visual-BiLSTM,0.18309859154929578,0.15813060179257363,0.024967989756722153,0.7159090909090909,0.0,0.020486555697823303,-0.020486555697823303,0.36363636363636365
P04,Garden_Hall,CLIP-zero-shot,0.14084507042253522,0.1856594110115237,-0.04481434058898848,0.5681818181818182,0.0,0.019846350832266324,-0.019846350832266324,0.3409090909090909
P04,Garden_Hall,Concept-Adapter-MMR,0.5915492957746479,0.2247119078104994,0.36683738796414844,0.875,0.0,0.026568501920614593,-0.026568501920614593,0.36363636363636365
P04,Garden_Office,Uniform,0.056338028169014086,0.15653008962868117,-0.10019206145966708,0.4318181818181818,0.0,0.013764404609475032,-0.013764404609475032,0.375
P04,Garden_Office,Visual-BiLSTM,0.14084507042253522,0.1590909090909091,-0.01824583866837387,0.5909090909090909,0.0,0.020486555697823303,-0.020486555697823303,0.36363636363636365
P04,Garden_Office,CLIP-zero-shot,0.04225352112676056,0.1706145966709347,-0.12836107554417414,0.4318181818181818,0.0,0.01888604353393086,-0.01888604353393086,0.36363636363636365
P04,Garden_Office,Concept-Adapter-MMR,0.11267605633802817,0.17349551856594114,-0.06081946222791297,0.6022727272727273,0.0,0.015364916773367477,-0.015364916773367477,0.38636363636363635
P04,Garden_Sign,Uniform,0.0,0.15781049935979513,-0.15781049935979513,0.045454545454545456,0.0,0.013764404609475032,-0.013764404609475032,0.375
P04,Garden_Sign,Visual-BiLSTM,0.0,0.16229193341869397,-0.16229193341869397,0.11363636363636363,0.0,0.020486555697823303,-0.020486555697823303,0.36363636363636365
P04,Garden_Sign,CLIP-zero-shot,0.0,0.17317541613316262,-0.17317541613316262,0.11363636363636363,0.0,0.014084507042253523,-0.014084507042253523,0.3977272727272727
P04,Garden_Sign,Concept-Adapter-MMR,0.08450704225352113,0.23431498079385396,-0.14980793854033284,0.3181818181818182,0.0,0.008322663252240717,-0.008322663252240717,0.38636363636363635
P04,Hall_Lady,Uniform,0.11267605633802817,0.15524967989756722,-0.042573623559539045,0.6022727272727273,0.028169014084507043,0.013124199743918053,0.01504481434058899,0.8295454545454546
P04,Hall_Lady,Visual-BiLSTM,0.2112676056338028,0.15749039692701663,0.05377720870678618,0.8181818181818182,0.014084507042253521,0.020166453265044813,-0.006081946222791292,0.8068181818181818
P04,Hall_Lady,CLIP-zero-shot,0.2535211267605634,0.16965428937259922,0.08386683738796416,0.7954545454545454,0.04225352112676056,0.019206145966709345,0.023047375160051217,0.8636363636363636
P04,Hall_Lady,Concept-Adapter-MMR,0.8028169014084507,0.27720870678617154,0.5256081946222793,0.9204545454545454,0.323943661971831,0.03777208706786172,0.2861715749039693,0.9772727272727273
P04,Hall_Park,Uniform,0.09859154929577464,0.1555697823303457,-0.05697823303457107,0.5681818181818182,0.0,0.013764404609475032,-0.013764404609475032,0.375
P04,Hall_Park,Visual-BiLSTM,0.19718309859154928,0.15781049935979513,0.03937259923175415,0.7727272727272727,0.0,0.020486555697823303,-0.020486555697823303,0.36363636363636365
P04,Hall_Park,CLIP-zero-shot,0.2112676056338028,0.18277848911651728,0.02848911651728553,0.6590909090909091,0.0,0.01728553137003841,-0.01728553137003841,0.3409090909090909
P04,Hall_Park,Concept-Adapter-MMR,0.5492957746478874,0.23975672215108831,0.309539052496799,0.8409090909090909,0.0,0.027528809218950068,-0.027528809218950068,0.375
P04,Hall_Student,Uniform,0.11267605633802817,0.15524967989756722,-0.042573623559539045,0.6022727272727273,0.04225352112676056,0.012804097311139566,0.029449423815620997,0.8977272727272727
P04,Hall_Student,Visual-BiLSTM,0.2112676056338028,0.15749039692701663,0.05377720870678618,0.8181818181818182,0.0,0.020486555697823303,-0.020486555697823303,0.36363636363636365
P04,Hall_Student,CLIP-zero-shot,0.28169014084507044,0.19238156209987195,0.08930857874519849,0.7045454545454546,0.09859154929577464,0.02400768245838668,0.07458386683738796,0.9090909090909091
P04,Hall_Student,Concept-Adapter-MMR,0.6901408450704225,0.2496798975672215,0.440460947503201,0.9090909090909091,0.19718309859154928,0.026568501920614596,0.17061459667093468,0.9545454545454546
P04,Hands_Lady,Uniform,0.352112676056338,0.14980793854033292,0.20230473751600508,0.8636363636363636,0.0,0.013764404609475032,-0.013764404609475032,0.375
P04,Hands_Lady,Visual-BiLSTM,0.09859154929577464,0.16005121638924458,-0.061459667093469936,0.5454545454545454,0.014084507042253521,0.020166453265044817,-0.006081946222791295,0.8068181818181818
P04,Hands_Lady,CLIP-zero-shot,0.2676056338028169,0.16869398207426378,0.0989116517285531,0.7954545454545454,0.04225352112676056,0.01856594110115237,0.023687580025608192,0.8636363636363636
P04,Hands_Lady,Concept-Adapter-MMR,1.0,0.11011523687580028,0.8898847631241997,1.0,0.014084507042253521,0.008962868117797694,0.005121638924455827,0.8522727272727273
P04,Lady_Boat,Uniform,0.056338028169014086,0.15653008962868117,-0.10019206145966708,0.4318181818181818,0.0,0.013764404609475032,-0.013764404609475032,0.375
P04,Lady_Boat,Visual-BiLSTM,0.04225352112676056,0.16133162612035853,-0.11907810499359797,0.45454545454545453,0.0,0.020486555697823303,-0.020486555697823303,0.36363636363636365
P04,Lady_Boat,CLIP-zero-shot,0.1267605633802817,0.1734955185659411,-0.0467349551856594,0.5568181818181818,0.0,0.018565941101152367,-0.018565941101152367,0.3522727272727273
P04,Lady_Boat,Concept-Adapter-MMR,0.5774647887323944,0.28553137003841234,0.29193341869398204,0.7954545454545454,0.0,0.04257362355953905,-0.04257362355953905,0.375
P04,Men_Sun,Uniform,0.18309859154929578,0.15364916773367476,0.029449423815621018,0.7272727272727273,0.0,0.013764404609475032,-0.013764404609475032,0.375
P04,Men_Sun,Visual-BiLSTM,0.07042253521126761,0.16069142125480154,-0.09026888604353393,0.5,0.014084507042253521,0.020166453265044817,-0.006081946222791295,0.8068181818181818
P04,Men_Sun,CLIP-zero-shot,0.2112676056338028,0.162932138284251,0.048335467349551825,0.7045454545454546,0.0,0.017605633802816902,-0.017605633802816902,0.36363636363636365
P04,Men_Sun,Concept-Adapter-MMR,0.8732394366197183,0.2605633802816901,0.6126760563380281,0.9545454545454546,0.0,0.026568501920614596,-0.026568501920614596,0.38636363636363635
P04,Office_Boat,Uniform,0.056338028169014086,0.15653008962868117,-0.10019206145966708,0.4318181818181818,0.0,0.013764404609475032,-0.013764404609475032,0.375
P04,Office_Boat,Visual-BiLSTM,0.14084507042253522,0.15909090909090912,-0.018245838668373898,0.5909090909090909,0.0,0.020486555697823303,-0.020486555697823303,0.36363636363636365
P04,Office_Boat,CLIP-zero-shot,0.07042253521126761,0.16965428937259922,-0.0992317541613316,0.45454545454545453,0.0,0.020166453265044813,-0.020166453265044813,0.36363636363636365
P04,Office_Boat,Concept-Adapter-MMR,0.1267605633802817,0.16197183098591547,-0.035211267605633784,0.625,0.0,0.01344430217669654,-0.01344430217669654,0.4318181818181818
P04,Office_Park,Uniform,0.07042253521126761,0.15620998719590268,-0.08578745198463507,0.48863636363636365,0.0,0.013764404609475032,-0.013764404609475032,0.375
P04,Office_Park,Visual-BiLSTM,0.15492957746478872,0.15877080665813062,-0.0038412291933418996,0.6363636363636364,0.0,0.020486555697823303,-0.020486555697823303,0.36363636363636365
P04,Office_Park,CLIP-zero-shot,0.15492957746478872,0.176056338028169,-0.02112676056338028,0.5909090909090909,0.0,0.01888604353393086,-0.01888604353393086,0.36363636363636365
P04,Office_Park,Concept-Adapter-MMR,0.15492957746478872,0.16421254801536492,-0.009282970550576197,0.7272727272727273,0.0,0.014404609475032009,-0.014404609475032009,0.42045454545454547
P04,Park_Sun,Uniform,0.014084507042253521,0.15749039692701663,-0.1434058898847631,0.14772727272727273,0.0,0.013764404609475032,-0.013764404609475032,0.375
P04,Park_Sun,Visual-BiLSTM,0.028169014084507043,0.16165172855313703,-0.13348271446863,0.3977272727272727,0.0,0.020486555697823303,-0.020486555697823303,0.36363636363636365
P04,Park_Sun,CLIP-zero-shot,0.18309859154929578,0.1859795134443022,-0.002880921895006411,0.6363636363636364,0.014084507042253521,0.013764404609475034,0.0003201024327784876,0.7840909090909091
P04,Park_Sun,Concept-Adapter-MMR,0.29577464788732394,0.2285531370038412,0.06722151088348274,0.7954545454545454,0.028169014084507043,0.005761843790012804,0.02240717029449424,0.9204545454545454
P04,Phone_Baby,Uniform,0.028169014084507043,0.15717029449423814,-0.1290012804097311,0.2727272727272727,0.0,0.013764404609475032,-0.013764404609475032,0.375
P04,Phone_Baby,Visual-BiLSTM,0.028169014084507043,0.16165172855313703,-0.13348271446863,0.3977272727272727,0.0,0.020486555697823303,-0.020486555697823303,0.36363636363636365
P04,Phone_Baby,CLIP-zero-shot,0.014084507042253521,0.17157490396927014,-0.1574903969270166,0.23863636363636365,0.0,0.017605633802816902,-0.017605633802816902,0.3409090909090909
P04,Phone_Baby,Concept-Adapter-MMR,0.08450704225352113,0.13956466069142126,-0.055057618437900135,0.6818181818181818,0.0,0.011843790012804096,-0.011843790012804096,0.38636363636363635
P04,Room_Boat,Uniform,0.3380281690140845,0.15012804097311142,0.18790012804097309,0.8295454545454546,0.0,0.013764404609475032,-0.013764404609475032,0.375
P04,Room_Boat,Visual-BiLSTM,0.704225352112676,0.14628681177976952,0.5579385403329065,0.9318181818181818,0.0,0.020486555697823303,-0.020486555697823303,0.36363636363636365
P04,Room_Boat,CLIP-zero-shot,0.5070422535211268,0.1603713188220231,0.34667093469910365,0.9090909090909091,0.0,0.019846350832266327,-0.019846350832266327,0.36363636363636365
P04,Room_Boat,Concept-Adapter-MMR,0.7183098591549296,0.13700384122919337,0.5813060179257362,0.9318181818181818,0.0,0.013124199743918052,-0.013124199743918052,0.38636363636363635
P04,Room_Window,Uniform,0.4084507042253521,0.14852752880921896,0.2599231754161332,0.8863636363636364,0.028169014084507043,0.013124199743918053,0.01504481434058899,0.8295454545454546
P04,Room_Window,Visual-BiLSTM,0.7464788732394366,0.14532650448143405,0.6011523687580026,0.9772727272727273,0.07042253521126761,0.018886043533930856,0.05153649167733675,0.9431818181818182
P04,Room_Window,CLIP-zero-shot,0.647887323943662,0.15396927016645326,0.49391805377720877,0.9545454545454546,0.1267605633802817,0.016325224071702945,0.11043533930857874,0.9772727272727273
P04,Room_Window,Concept-Adapter-MMR,0.8873239436619719,0.12676056338028172,0.7605633802816901,1.0,0.2676056338028169,0.00736235595390525,0.2602432778489116,1.0
P04,School_Toy,Uniform,0.014084507042253521,0.15749039692701663,-0.1434058898847631,0.14772727272727273,0.0,0.013764404609475032,-0.013764404609475032,0.375
P04,School_Toy,Visual-BiLSTM,0.014084507042253521,0.1619718309859155,-0.14788732394366197,0.29545454545454547,0.0,0.0204865556978233,-0.0204865556978233,0.36363636363636365
P04,School_Toy,CLIP-zero-shot,0.014084507042253521,0.17189500640204863,-0.1578104993597951,0.17045454545454544,0.0,0.017285531370038413,-0.017285531370038413,0.3409090909090909
P04,School_Toy,Concept-Adapter-MMR,0.1267605633802817,0.12644046094750322,0.0003201024327784685,0.75,0.0,0.00736235595390525,-0.00736235595390525,0.4318181818181818
P04,Shoes_Baby,Uniform,0.014084507042253521,0.15749039692701663,-0.1434058898847631,0.14772727272727273,0.0,0.013764404609475032,-0.013764404609475032,0.375
P04,Shoes_Baby,Visual-BiLSTM,0.0,0.162291933418694,-0.162291933418694,0.11363636363636363,0.0,0.0204865556978233,-0.0204865556978233,0.36363636363636365
P04,Shoes_Baby,CLIP-zero-shot,0.014084507042253521,0.17093469910371317,-0.15685019206145964,0.19318181818181818,0.0,0.019526248399487835,-0.019526248399487835,0.36363636363636365
P04,Shoes_Baby,Concept-Adapter-MMR,0.16901408450704225,0.221190781049936,-0.05217669654289375,0.48863636363636365,0.0,0.01408450704225352,-0.01408450704225352,0.375
P04,Student_Flower,Uniform,0.07042253521126761,0.15620998719590268,-0.08578745198463507,0.48863636363636365,0.0,0.013764404609475032,-0.013764404609475032,0.375
P04,Student_Flower,Visual-BiLSTM,0.028169014084507043,0.16165172855313703,-0.13348271446863,0.3977272727272727,0.0,0.0204865556978233,-0.0204865556978233,0.36363636363636365
P04,Student_Flower,CLIP-zero-shot,0.028169014084507043,0.15909090909090906,-0.13092189500640203,0.3977272727272727,0.0,0.018245838668373877,-0.018245838668373877,0.3522727272727273
P04,Student_Flower,Concept-Adapter-MMR,0.028169014084507043,0.19494238156209984,-0.1667733674775928,0.09090909090909091,0.0,0.011843790012804096,-0.011843790012804096,0.3522727272727273
P04,Sun_Bed,Uniform,0.028169014084507043,0.15717029449423817,-0.12900128040973113,0.2727272727272727,0.0,0.013764404609475032,-0.013764404609475032,0.375
P04,Sun_Bed,Visual-BiLSTM,0.014084507042253521,0.1619718309859155,-0.14788732394366197,0.29545454545454547,0.0,0.0204865556978233,-0.0204865556978233,0.36363636363636365
P04,Sun_Bed,CLIP-zero-shot,0.11267605633802817,0.177336747759283,-0.06466069142125482,0.5795454545454546,0.0,0.01888604353393086,-0.01888604353393086,0.3522727272727273
P04,Sun_Bed,Concept-Adapter-MMR,0.11267605633802817,0.2371959026888604,-0.12451984635083223,0.38636363636363635,0.0,0.0076824583866837385,-0.0076824583866837385,0.42045454545454547
P04,Sun_Tree,Uniform,0.14084507042253522,0.15460947503201025,-0.013764404609475034,0.6477272727272727,0.0,0.013764404609475032,-0.013764404609475032,0.375
P04,Sun_Tree,Visual-BiLSTM,0.028169014084507043,0.16165172855313703,-0.13348271446863,0.3977272727272727,0.014084507042253521,0.02016645326504481,-0.006081946222791288,0.8068181818181818
P04,Sun_Tree,CLIP-zero-shot,0.5211267605633803,0.16933418693982075,0.35179257362355953,0.9204545454545454,0.08450704225352113,0.010243277848911651,0.07426376440460947,0.9545454545454546
P04,Sun_Tree,Concept-Adapter-MMR,1.0,0.23463508322663254,0.7653649167733675,0.9886363636363636,0.08450704225352113,0.003521126760563381,0.08098591549295775,1.0
P01,Book_Street,CHAN-MMR,0.12727272727272726,0.21528925619834716,-0.0880165289256199,0.5,0.0,0.030578512396694214,-0.030578512396694214,0.3409090909090909
P01,Book_Sun,CHAN-MMR,0.09090909090909091,0.22148760330578512,-0.1305785123966942,0.3068181818181818,0.0,0.03305785123966942,-0.03305785123966942,0.32954545454545453
P01,Book_Tree,CHAN-MMR,0.14545454545454545,0.21611570247933887,-0.07066115702479342,0.5568181818181818,0.0,0.030991735537190087,-0.030991735537190087,0.3409090909090909
P01,Building_Petsanimal,CHAN-MMR,0.14545454545454545,0.21694214876033058,-0.07148760330578513,0.5340909090909091,0.0,0.02975206611570248,-0.02975206611570248,0.3409090909090909
P01,Car_Petsanimal,CHAN-MMR,0.07272727272727272,0.21818181818181817,-0.14545454545454545,0.22727272727272727,0.0,0.02975206611570248,-0.02975206611570248,0.3409090909090909
P01,Chair_Desk,CHAN-MMR,0.32727272727272727,0.1822314049586777,0.14504132231404956,0.8295454545454546,0.09090909090909091,0.01652892561983471,0.0743801652892562,0.9204545454545454
P01,Chair_Men,CHAN-MMR,0.38181818181818183,0.18016528925619835,0.2016528925619835,0.8863636363636364,0.12727272727272726,0.017355371900826446,0.10991735537190081,0.9659090909090909
P01,Computer_Boat,CHAN-MMR,0.03636363636363636,0.20454545454545456,-0.1681818181818182,0.11363636363636363,0.0,0.023140495867768594,-0.023140495867768594,0.3409090909090909
P01,Cupglass_Garden,CHAN-MMR,0.21818181818181817,0.21115702479338844,0.007024793388429734,0.6363636363636364,0.0,0.027685950413223137,-0.027685950413223137,0.3409090909090909
P01,Desk_Face,CHAN-MMR,0.4,0.2037190082644628,0.19628099173553723,0.8636363636363636,0.03636363636363636,0.024793388429752063,0.011570247933884299,0.7840909090909091
P01,Desk_Hands,CHAN-MMR,0.7818181818181819,0.18264462809917356,0.5991735537190083,0.9772727272727273,0.12727272727272726,0.022314049586776862,0.1049586776859504,0.9090909090909091
P01,Desk_Office,CHAN-MMR,0.2545454545454545,0.19793388429752065,0.05661157024793387,0.7386363636363636,0.0,0.02231404958677686,-0.02231404958677686,0.3409090909090909
P01,Drink_Face,CHAN-MMR,0.2545454545454545,0.21776859504132232,0.0367768595041322,0.7045454545454546,0.03636363636363636,0.028099173553719006,0.008264462809917356,0.7613636363636364
P01,Drink_Food,CHAN-MMR,0.38181818181818183,0.20247933884297523,0.1793388429752066,0.8522727272727273,0.03636363636363636,0.026033057851239664,0.010330578512396698,0.7840909090909091
P01,Drink_Musicalinstrument,CHAN-MMR,0.12727272727272726,0.2161157024793388,-0.08884297520661155,0.4659090909090909,0.0,0.027685950413223137,-0.027685950413223137,0.3409090909090909
P01,Face_Party,CHAN-MMR,0.2545454545454545,0.21363636363636365,0.04090909090909087,0.6818181818181818,0.05454545454545454,0.02851239669421488,0.026033057851239664,0.8295454545454546
P01,Face_Phone,CHAN-MMR,0.3090909090909091,0.21652892561983472,0.09256198347107436,0.7727272727272727,0.01818181818181818,0.031404958677685946,-0.013223140495867765,0.7045454545454546
P01,Food_Grass,CHAN-MMR,0.2909090909090909,0.2041322314049587,0.08677685950413219,0.7727272727272727,0.0,0.026859504132231406,-0.026859504132231406,0.3409090909090909
P01,Food_Hands,CHAN-MMR,0.8363636363636363,0.17603305785123968,0.6603305785123966,0.9659090909090909,0.21818181818181817,0.019008264462809916,0.19917355371900825,1.0
P01,Food_Men,CHAN-MMR,0.6181818181818182,0.21074380165289253,0.40743801652892564,0.9318181818181818,0.10909090909090909,0.028512396694214872,0.08057851239669421,0.8863636363636364
P01,Food_Sky,CHAN-MMR,0.36363636363636365,0.21322314049586774,0.1504132231404959,0.8295454545454546,0.0,0.02975206611570248,-0.02975206611570248,0.3409090909090909
P01,Grass_Hall,CHAN-MMR,0.05454545454545454,0.21859504132231403,-0.1640495867768595,0.17045454545454544,0.0,0.030991735537190087,-0.030991735537190087,0.32954545454545453
P01,Grass_Kids,CHAN-MMR,0.0,0.21611570247933887,-0.21611570247933887,0.022727272727272728,0.0,0.029338842975206614,-0.029338842975206614,0.3409090909090909
P01,Grass_Phone,CHAN-MMR,0.10909090909090909,0.21487603305785125,-0.10578512396694216,0.3977272727272727,0.0,0.02975206611570248,-0.02975206611570248,0.3409090909090909
P01,Grass_Shoes,CHAN-MMR,0.14545454545454545,0.21198347107438018,-0.06652892561983473,0.5795454545454546,0.0,0.028925619834710745,-0.028925619834710745,0.3409090909090909
P01,Grass_Student,CHAN-MMR,0.05454545454545454,0.21818181818181817,-0.16363636363636364,0.14772727272727273,0.0,0.030165289256198345,-0.030165289256198345,0.32954545454545453
P01,Hall_Garden,CHAN-MMR,0.05454545454545454,0.21900826446280994,-0.1644628099173554,0.14772727272727273,0.0,0.030991735537190087,-0.030991735537190087,0.32954545454545453
P01,Hands_Men,CHAN-MMR,0.8545454545454545,0.15702479338842976,0.6975206611570247,1.0,0.14545454545454545,0.017355371900826446,0.128099173553719,0.9772727272727273
P01,Hat_Phone,CHAN-MMR,0.10909090909090909,0.21280991735537194,-0.10371900826446286,0.4090909090909091,0.0,0.02933884297520661,-0.02933884297520661,0.3409090909090909
P01,Lady_Boat,CHAN-MMR,0.12727272727272726,0.21652892561983472,-0.08925619834710746,0.4772727272727273,0.0,0.030991735537190087,-0.030991735537190087,0.3409090909090909
P01,Market_Beach,CHAN-MMR,0.07272727272727272,0.22024793388429753,-0.1475206611570248,0.23863636363636365,0.0,0.029338842975206614,-0.029338842975206614,0.3409090909090909
P01,Men_Room,CHAN-MMR,0.509090909090909,0.1652892561983471,0.3438016528925619,0.9318181818181818,0.01818181818181818,0.01983471074380165,-0.0016528925619834697,0.75
P01,Office_Chocolate,CHAN-MMR,0.0,0.21859504132231408,-0.21859504132231408,0.022727272727272728,0.0,0.03099173553719008,-0.03099173553719008,0.3409090909090909
P01,Party_Tree,CHAN-MMR,0.18181818181818182,0.21652892561983472,-0.0347107438016529,0.625,0.0,0.02975206611570248,-0.02975206611570248,0.3409090909090909
P01,Phone_Sun,CHAN-MMR,0.12727272727272726,0.2144628099173554,-0.08719008264462813,0.4772727272727273,0.0,0.02975206611570248,-0.02975206611570248,0.3409090909090909
P01,Room_Garden,CHAN-MMR,0.2909090909090909,0.18636363636363634,0.10454545454545455,0.7613636363636364,0.0,0.021900826446280993,-0.021900826446280993,0.3522727272727273
P01,School_Ocean,CHAN-MMR,0.0,0.21611570247933887,-0.21611570247933887,0.0,0.0,0.028925619834710745,-0.028925619834710745,0.3409090909090909
P01,Shoes_Bed,CHAN-MMR,0.12727272727272726,0.2144628099173554,-0.08719008264462813,0.48863636363636365,0.0,0.02933884297520661,-0.02933884297520661,0.3409090909090909
P01,Sign_Musicalinstrument,CHAN-MMR,0.01818181818181818,0.21115702479338844,-0.19297520661157025,0.07954545454545454,0.0,0.024793388429752063,-0.024793388429752063,0.3409090909090909
P01,Sky_Street,CHAN-MMR,0.07272727272727272,0.21900826446280994,-0.1462809917355372,0.22727272727272727,0.07272727272727272,0.028099173553719006,0.04462809917355372,0.8522727272727273
P01,Sky_Student,CHAN-MMR,0.10909090909090909,0.2140495867768595,-0.10495867768595042,0.38636363636363635,0.0,0.02933884297520661,-0.02933884297520661,0.32954545454545453
P01,Sky_Tree,CHAN-MMR,0.05454545454545454,0.2169421487603306,-0.16239669421487607,0.2159090909090909,0.05454545454545454,0.029338842975206614,0.02520661157024793,0.8295454545454546
P01,Street_Student,CHAN-MMR,0.10909090909090909,0.21818181818181817,-0.10909090909090909,0.42045454545454547,0.0,0.02975206611570248,-0.02975206611570248,0.3409090909090909
P01,Sun_Lake,CHAN-MMR,0.01818181818181818,0.21694214876033066,-0.19876033057851247,0.07954545454545454,0.0,0.02975206611570248,-0.02975206611570248,0.3409090909090909
P01,Window_Petsanimal,CHAN-MMR,0.09090909090909091,0.21611570247933887,-0.12520661157024796,0.3181818181818182,0.0,0.02851239669421488,-0.02851239669421488,0.3409090909090909
P02,Blonde_Book,CHAN-MMR,0.0547945205479452,0.21326276463262764,-0.15846824408468244,0.3181818181818182,0.0,0.026774595267745952,-0.026774595267745952,0.32954545454545453
P02,Book_Garden,CHAN-MMR,0.0821917808219178,0.21637608966376087,-0.13418430884184307,0.42045454545454547,0.0,0.028019925280199254,-0.028019925280199254,0.32954545454545453
P02,Book_Park,CHAN-MMR,0.0684931506849315,0.21201743462017433,-0.14352428393524283,0.375,0.0,0.02584059775840598,-0.02584059775840598,0.32954545454545453
P02,Building_Boat,CHAN-MMR,0.0958904109589041,0.21388542963885426,-0.11799501867995016,0.45454545454545453,0.0,0.02677459526774595,-0.02677459526774595,0.32954545454545453
P02,Building_Food,CHAN-MMR,0.2328767123287671,0.2092154420921544,0.023661270236612714,0.6590909090909091,0.0,0.02584059775840598,-0.02584059775840598,0.3409090909090909
P02,Car_School,CHAN-MMR,0.1643835616438356,0.22260273972602737,-0.058219178082191764,0.5568181818181818,0.0,0.03455790784557908,-0.03455790784557908,0.3409090909090909
P02,Chair_Hall,CHAN-MMR,0.2328767123287671,0.2166874221668742,0.01618929016189291,0.625,0.0273972602739726,0.03175591531755915,-0.004358655043586547,0.7272727272727273
P02,Chair_Men,CHAN-MMR,0.3972602739726027,0.19831880448318806,0.19894146948941466,0.7954545454545454,0.1095890410958904,0.027085927770859275,0.08250311332503113,0.8863636363636364
P02,Computer_Kids,CHAN-MMR,0.0410958904109589,0.19582814445828145,-0.15473225404732255,0.32954545454545453,0.0,0.021793275217932753,-0.021793275217932753,0.36363636363636365
P02,Computer_Park,CHAN-MMR,0.0273972602739726,0.19333748443337484,-0.16594022415940224,0.20454545454545456,0.0,0.021793275217932753,-0.021793275217932753,0.36363636363636365
P02,Computer_Shoes,CHAN-MMR,0.0136986301369863,0.20018679950186796,-0.18648816936488166,0.056818181818181816,0.0,0.026463262764632626,-0.026463262764632626,0.3522727272727273
P02,Cupglass_Room,CHAN-MMR,0.589041095890411,0.18399750933997508,0.40504358655043593,0.9545454545454546,0.1643835616438356,0.019613947696139476,0.14476961394769614,0.9772727272727273
P02,Desk_Hands,CHAN-MMR,0.589041095890411,0.19582814445828145,0.39321295143212953,0.9431818181818182,0.0410958904109589,0.013387297633872976,0.027708592777085927,0.8863636363636364
P02,Drink_Hands,CHAN-MMR,0.3972602739726027,0.16438356164383564,0.23287671232876708,0.8181818181818182,0.0273972602739726,0.0186799501867995,0.008717310087173101,0.8522727272727273
P02,Drink_Park,CHAN-MMR,0.136986301369863,0.212640099626401,-0.07565379825653801,0.5,0.0,0.024906600249066,-0.024906600249066,0.32954545454545453
P02,Drink_Room,CHAN-MMR,0.410958904109589,0.20703611457036117,0.20392278953922785,0.7954545454545454,0.0547945205479452,0.026463262764632626,0.028331257783312577,0.8409090909090909
P02,Face_Baby,CHAN-MMR,0.1095890410958904,0.21886674968866748,-0.10927770859277708,0.4772727272727273,0.0,0.030821917808219176,-0.030821917808219176,0.3409090909090909
P02,Face_Food,CHAN-MMR,0.2054794520547945,0.20828144458281442,-0.0028019925280199087,0.5909090909090909,0.0410958904109589,0.024595267745952675,0.016500622665006227,0.8068181818181818
P02,Face_Lady,CHAN-MMR,0.3013698630136986,0.21606475716064757,0.08530510585305104,0.7045454545454546,0.0821917808219178,0.03144458281444582,0.05074719800747198,0.8636363636363636
P02,Flower_Student,CHAN-MMR,0.0273972602739726,0.22571606475716066,-0.19831880448318806,0.17045454545454544,0.0,0.03549190535491905,-0.03549190535491905,0.3409090909090909
P02,Food_Men,CHAN-MMR,0.410958904109589,0.2076587795765878,0.20330012453300123,0.7613636363636364,0.1506849315068493,0.0236612702366127,0.12702366127023662,0.9659090909090909
P02,Garden_Party,CHAN-MMR,0.0547945205479452,0.22260273972602737,-0.16780821917808217,0.3181818181818182,0.0,0.03268991282689913,-0.03268991282689913,0.3409090909090909
P02,Garden_Phone,CHAN-MMR,0.0410958904109589,0.21481942714819427,-0.17372353673723537,0.26136363636363635,0.0,0.026463262764632626,-0.026463262764632626,0.32954545454545453
P02,Grass_Bed,CHAN-MMR,0.0684931506849315,0.21357409713574096,-0.14508094645080946,0.375,0.0,0.0261519302615193,-0.0261519302615193,0.3522727272727273
P02,Hall_Park,CHAN-MMR,0.0821917808219178,0.22322540473225405,-0.14103362391033625,0.4431818181818182,0.0,0.03455790784557908,-0.03455790784557908,0.3409090909090909
P02,Hands_Lady,CHAN-MMR,0.547945205479452,0.19769613947696135,0.35024906600249067,0.8977272727272727,0.0821917808219178,0.023349937733499374,0.05884184308841843,0.8863636363636364
P02,Hands_Men,CHAN-MMR,0.6164383561643836,0.19115815691158158,0.425280199252802,0.9886363636363636,0.1232876712328767,0.011519302615193027,0.11176836861768367,0.9886363636363636
P02,Hands_Tree,CHAN-MMR,0.5616438356164384,0.18337484433374843,0.37826899128269,0.9318181818181818,0.0,0.015877957658779574,-0.015877957658779574,0.36363636363636365
P02,Kids_Ocean,CHAN-MMR,0.0273972602739726,0.21886674968866748,-0.19146948941469488,0.17045454545454544,0.0,0.0298879202988792,-0.0298879202988792,0.3522727272727273
P02,Kids_Office,CHAN-MMR,0.0273972602739726,0.21855541718555418,-0.19115815691158158,0.17045454545454544,0.0,0.030510585305105854,-0.030510585305105854,0.3522727272727273
P02,Lady_Street,CHAN-MMR,0.3424657534246575,0.20641344956413452,0.136052303860523,0.7272727272727273,0.0410958904109589,0.026463262764632622,0.01463262764632628,0.7954545454545454
P02,Market_Ocean,CHAN-MMR,0.0410958904109589,0.2179327521793275,-0.1768368617683686,0.2840909090909091,0.0,0.0261519302615193,-0.0261519302615193,0.3522727272727273
P02,Men_Bed,CHAN-MMR,0.4657534246575342,0.21170610211706106,0.25404732254047313,0.8636363636363636,0.0,0.03518057285180573,-0.03518057285180573,0.3409090909090909
P02,Office_Shoes,CHAN-MMR,0.0136986301369863,0.22353673723536735,-0.20983810709838105,0.056818181818181816,0.0,0.03455790784557908,-0.03455790784557908,0.3409090909090909
P02,Park_Bed,CHAN-MMR,0.0273972602739726,0.212640099626401,-0.1852428393524284,0.17045454545454544,0.0,0.0261519302615193,-0.0261519302615193,0.3522727272727273
P02,Park_Room,CHAN-MMR,0.4794520547945205,0.18150684931506847,0.297945205479452,0.8409090909090909,0.0,0.022104607721046075,-0.022104607721046075,0.375
P02,Party_Phone,CHAN-MMR,0.0410958904109589,0.2213574097135741,-0.1802615193026152,0.25,0.0,0.03300124533001245,-0.03300124533001245,0.3409090909090909
P02,Phone_Lake,CHAN-MMR,0.0136986301369863,0.224159402241594,-0.2104607721046077,0.056818181818181816,0.0,0.033935242839352425,-0.033935242839352425,0.3409090909090909
P02,Room_Boat,CHAN-MMR,0.4794520547945205,0.18337484433374843,0.29607721046077207,0.8522727272727273,0.0,0.02054794520547945,-0.02054794520547945,0.375
P02,Sign_Petsanimal,CHAN-MMR,0.0273972602739726,0.21170610211706106,-0.18430884184308846,0.1590909090909091,0.0,0.025529265255292654,-0.025529265255292654,0.3522727272727273
P02,Sky_Dance,CHAN-MMR,0.1780821917808219,0.20921544209215445,-0.031133250311332544,0.5454545454545454,0.0,0.0261519302615193,-0.0261519302615193,0.3522727272727273
P02,Street_School,CHAN-MMR,0.1643835616438356,0.2113947696139477,-0.0470112079701121,0.5227272727272727,0.0,0.0273972602739726,-0.0273972602739726,0.3522727272727273
P02,Street_Window,CHAN-MMR,0.2465753424657534,0.21201743462017433,0.03455790784557908,0.6704545454545454,0.0136986301369863,0.026774595267745952,-0.013075965130759652,0.7045454545454546
P02,Sun_Ocean,CHAN-MMR,0.0,0.22229140722291404,-0.22229140722291404,0.0,0.0,0.03331257783312578,-0.03331257783312578,0.3409090909090909
P02,Toy_Lake,CHAN-MMR,0.2328767123287671,0.2123287671232876,0.020547945205479506,0.625,0.0,0.027708592777085927,-0.027708592777085927,0.3522727272727273
P03,Book_Lady,CHAN-MMR,0.046511627906976744,0.24841437632135308,-0.20190274841437633,0.26136363636363635,0.0,0.03118393234672305,-0.03118393234672305,0.3522727272727273
P03,Book_Street,CHAN-MMR,0.023255813953488372,0.24524312896405923,-0.22198731501057084,0.13636363636363635,0.0,0.03012684989429176,-0.03012684989429176,0.3522727272727273
P03,Book_Tree,CHAN-MMR,0.023255813953488372,0.2473572938689218,-0.22410147991543344,0.14772727272727273,0.0,0.03118393234672305,-0.03118393234672305,0.3522727272727273
P03,Building_Garden,CHAN-MMR,0.06976744186046512,0.2473572938689218,-0.17758985200845667,0.42045454545454547,0.0,0.030655391120507403,-0.030655391120507403,0.3522727272727273
P03,Car_Chocolate,CHAN-MMR,0.046511627906976744,0.2452431289640592,-0.19873150105708245,0.2840909090909091,0.0,0.03118393234672305,-0.03118393234672305,0.3522727272727273
P03,Car_Tree,CHAN-MMR,0.0,0.24788583509513742,-0.24788583509513742,0.022727272727272728,0.0,0.03118393234672305,-0.03118393234672305,0.3522727272727273
P03,Chair_Dance,CHAN-MMR,0.06976744186046512,0.24418604651162792,-0.17441860465116282,0.3977272727272727,0.0,0.03012684989429176,-0.03012684989429176,0.3522727272727273
P03,Chair_Tree,CHAN-MMR,0.06976744186046512,0.24418604651162792,-0.17441860465116282,0.3977272727272727,0.0,0.03012684989429176,-0.03012684989429176,0.3522727272727273
P03,Chocolate_Food,CHAN-MMR,0.627906976744186,0.2309725158562368,0.39693446088794926,0.8409090909090909,0.046511627906976744,0.03012684989429176,0.016384778012684984,0.8636363636363636
P03,Chocolate_Phone,CHAN-MMR,0.09302325581395349,0.242600422832981,-0.1495771670190275,0.4772727272727273,0.0,0.031183932346723044,-0.031183932346723044,0.3522727272727273
P03,Chocolate_Street,CHAN-MMR,0.023255813953488372,0.2473572938689218,-0.22410147991543344,0.13636363636363635,0.0,0.031183932346723044,-0.031183932346723044,0.3522727272727273
P03,Chocolate_Tree,CHAN-MMR,0.046511627906976744,0.2489429175475687,-0.20243128964059195,0.26136363636363635,0.0,0.03171247357293869,-0.03171247357293869,0.3522727272727273
P03,Computer_Cupglass,CHAN-MMR,0.3023255813953488,0.24312896405919665,0.05919661733615217,0.7272727272727273,0.023255813953488372,0.03224101479915433,-0.00898520084566596,0.7613636363636364
P03,Computer_Dance,CHAN-MMR,0.18604651162790697,0.24207188160676535,-0.056025369978858375,0.5795454545454546,0.0,0.030655391120507403,-0.030655391120507403,0.3522727272727273
P03,Computer_Grass,CHAN-MMR,0.18604651162790697,0.24577167019027488,-0.0597251585623679,0.5795454545454546,0.0,0.03171247357293869,-0.03171247357293869,0.3522727272727273
P03,Cupglass_Desk,CHAN-MMR,0.37209302325581395,0.23942917547568712,0.13266384778012683,0.7727272727272727,0.046511627906976744,0.03012684989429176,0.016384778012684984,0.8636363636363636
P03,Cupglass_Grass,CHAN-MMR,0.16279069767441862,0.242600422832981,-0.07980972515856238,0.5568181818181818,0.0,0.031183932346723044,-0.031183932346723044,0.3522727272727273
P03,Cupglass_Lake,CHAN-MMR,0.16279069767441862,0.24048625792811842,-0.07769556025369981,0.5568181818181818,0.0,0.030655391120507403,-0.030655391120507403,0.3522727272727273
P03,Cupglass_Room,CHAN-MMR,0.4186046511627907,0.22938689217758987,0.18921775898520085,0.7954545454545454,0.046511627906976744,0.02854122621564482,0.017970401691331923,0.8636363636363636
P03,Cupglass_Window,CHAN-MMR,0.2558139534883721,0.24048625792811842,0.015327695560253679,0.6590909090909091,0.023255813953488372,0.029598308668076112,-0.00634249471458774,0.7840909090909091
P03,Desk_Food,CHAN-MMR,0.7209302325581395,0.2283298097251586,0.4926004228329809,0.9318181818181818,0.16279069767441862,0.026427061310782242,0.13636363636363638,0.9318181818181818
P03,Desk_Hands,CHAN-MMR,0.6744186046511628,0.2246300211416491,0.4497885835095137,0.9090909090909091,0.18604651162790697,0.0258985200845666,0.16014799154334036,0.9545454545454546
P03,Desk_Tree,CHAN-MMR,0.20930232558139536,0.2357293868921776,-0.026427061310782235,0.6363636363636364,0.0,0.02854122621564482,-0.02854122621564482,0.3522727272727273
P03,Drink_Food,CHAN-MMR,0.6744186046511628,0.22568710359408034,0.4487315010570824,0.8863636363636364,0.023255813953488372,0.03012684989429176,-0.006871035940803388,0.7840909090909091
P03,Drink_Tree,CHAN-MMR,0.06976744186046512,0.24207188160676535,-0.17230443974630022,0.4318181818181818,0.0,0.03171247357293869,-0.03171247357293869,0.3522727272727273
P03,Face_Boat,CHAN-MMR,0.046511627906976744,0.24577167019027488,-0.19926004228329813,0.23863636363636365,0.0,0.03012684989429176,-0.03012684989429176,0.3522727272727273
P03,Food_Hands,CHAN-MMR,0.813953488372093,0.22780126849894292,0.5861522198731501,0.9772727272727273,0.4883720930232558,0.019027484143763214,0.4693446088794926,1.0
P03,Food_Lady,CHAN-MMR,0.6511627906976745,0.23361522198731507,0.41754756871035936,0.8409090909090909,0.023255813953488372,0.031183932346723044,-0.007928118393234672,0.7727272727272727
P03,Food_Room,CHAN-MMR,0.9069767441860465,0.22568710359408034,0.6812896405919662,1.0,0.09302325581395349,0.029069767441860465,0.06395348837209303,0.9090909090909091
P03,Grass_Beach,CHAN-MMR,0.0,0.24524312896405923,-0.24524312896405923,0.056818181818181816,0.0,0.03171247357293869,-0.03171247357293869,0.3522727272727273
P03,Grass_Men,CHAN-MMR,0.046511627906976744,0.2489429175475687,-0.20243128964059195,0.26136363636363635,0.0,0.03171247357293869,-0.03171247357293869,0.3522727272727273
P03,Hall_Ocean,CHAN-MMR,0.06976744186046512,0.24841437632135308,-0.17864693446088797,0.42045454545454547,0.0,0.03171247357293869,-0.03171247357293869,0.3522727272727273
P03,Hands_Boat,CHAN-MMR,0.627906976744186,0.23942917547568712,0.38847780126849896,0.8181818181818182,0.0,0.03118393234672305,-0.03118393234672305,0.3409090909090909
P03,Hands_Room,CHAN-MMR,0.813953488372093,0.20877378435517976,0.6051797040169132,0.9886363636363636,0.18604651162790697,0.025898520084566598,0.16014799154334036,0.9659090909090909
P03,Lady_Sports,CHAN-MMR,0.023255813953488372,0.24947145877378435,-0.226215644820296,0.11363636363636363,0.0,0.03118393234672304,-0.03118393234672304,0.3522727272727273
P03,Market_Beach,CHAN-MMR,0.20930232558139536,0.24524312896405923,-0.035940803382663866,0.625,0.0,0.03171247357293869,-0.03171247357293869,0.3522727272727273
P03,Market_Sun,CHAN-MMR,0.23255813953488372,0.2436575052854123,-0.011099365750528584,0.625,0.0,0.03171247357293869,-0.03171247357293869,0.3522727272727273
P03,Men_Sun,CHAN-MMR,0.046511627906976744,0.2489429175475687,-0.20243128964059195,0.26136363636363635,0.0,0.03171247357293869,-0.03171247357293869,0.3522727272727273
P03,Office_Tree,CHAN-MMR,0.06976744186046512,0.24630021141649047,-0.17653276955602537,0.4318181818181818,0.0,0.03118393234672304,-0.03118393234672304,0.3522727272727273
P03,Phone_Ocean,CHAN-MMR,0.046511627906976744,0.2484143763213531,-0.20190274841437636,0.2840909090909091,0.0,0.03171247357293869,-0.03171247357293869,0.3522727272727273
P03,Room_Baby,CHAN-MMR,0.32558139534883723,0.23150105708245244,0.09408033826638479,0.75,0.0,0.031183932346723044,-0.031183932346723044,0.3522727272727273
P03,Room_Sky,CHAN-MMR,0.3023255813953488,0.23520084566596197,0.06712473572938685,0.7386363636363636,0.023255813953488372,0.029069767441860465,-0.005813953488372093,0.7727272727272727
P03,Sign_Student,CHAN-MMR,0.046511627906976744,0.24418604651162792,-0.19767441860465118,0.26136363636363635,0.0,0.029069767441860465,-0.029069767441860465,0.3522727272727273
P03,Street_Kids,CHAN-MMR,0.023255813953488372,0.24524312896405923,-0.22198731501057084,0.13636363636363635,0.0,0.030126849894291752,-0.030126849894291752,0.3522727272727273
P03,Sun_Student,CHAN-MMR,0.0,0.24894291754756875,-0.24894291754756875,0.022727272727272728,0.0,0.029069767441860465,-0.029069767441860465,0.3522727272727273
P04,Blonde_Beach,CHAN-MMR,0.0,0.1469270166453265,-0.1469270166453265,0.07954545454545454,0.0,0.0147247119078105,-0.0147247119078105,0.4090909090909091
P04,Blonde_Food,CHAN-MMR,0.0,0.14180537772087068,-0.14180537772087068,0.09090909090909091,0.0,0.01440460947503201,-0.01440460947503201,0.38636363636363635
P04,Blonde_Garden,CHAN-MMR,0.0,0.1533290653008963,-0.1533290653008963,0.07954545454545454,0.0,0.015685019206145966,-0.015685019206145966,0.4090909090909091
P04,Book_Chair,CHAN-MMR,0.49295774647887325,0.15236875800256083,0.3405889884763124,0.875,0.028169014084507043,0.016005121638924456,0.012163892445582587,0.8636363636363636
P04,Book_Sports,CHAN-MMR,0.056338028169014086,0.16069142125480154,-0.10435339308578745,0.3409090909090909,0.0,0.016325224071702945,-0.016325224071702945,0.3977272727272727
P04,Building_School,CHAN-MMR,0.09859154929577464,0.15492957746478872,-0.05633802816901408,0.6477272727272727,0.0,0.015364916773367477,-0.015364916773367477,0.4090909090909091
P04,Building_Window,CHAN-MMR,0.19718309859154928,0.15076824583866835,0.04641485275288093,0.8181818181818182,0.028169014084507043,0.0147247119078105,0.013444302176696543,0.8636363636363636
P04,Car_Chocolate,CHAN-MMR,0.07042253521126761,0.16293213828425096,-0.09250960307298335,0.42045454545454547,0.0,0.016325224071702945,-0.016325224071702945,0.3977272727272727
P04,Car_Food,CHAN-MMR,0.0,0.1446862996158771,-0.1446862996158771,0.19318181818181818,0.0,0.01504481434058899,-0.01504481434058899,0.4431818181818182
P04,Car_Market,CHAN-MMR,0.07042253521126761,0.15076824583866838,-0.08034571062740077,0.4772727272727273,0.0,0.01440460947503201,-0.01440460947503201,0.4090909090909091
P04,Car_Ocean,CHAN-MMR,0.056338028169014086,0.1574903969270167,-0.1011523687580026,0.36363636363636365,0.0,0.015364916773367477,-0.015364916773367477,0.3977272727272727
P04,Car_Office,CHAN-MMR,0.11267605633802817,0.14980793854033292,-0.03713188220230475,0.7613636363636364,0.0,0.0147247119078105,-0.0147247119078105,0.4090909090909091
P04,Car_Sign,CHAN-MMR,0.056338028169014086,0.16005121638924458,-0.10371318822023048,0.36363636363636365,0.0,0.01632522407170295,-0.01632522407170295,0.4090909090909091
P04,Chair_Men,CHAN-MMR,0.5352112676056338,0.14948783610755442,0.3857234314980793,0.9090909090909091,0.028169014084507043,0.01536491677336748,0.012804097311139562,0.875
P04,Computer_Beach,CHAN-MMR,0.8309859154929577,0.1424455825864277,0.68854033290653,0.9772727272727273,0.0,0.016005121638924456,-0.016005121638924456,0.3977272727272727
P04,Computer_Room,CHAN-MMR,0.9295774647887324,0.1395646606914213,0.7900128040973111,1.0,0.4507042253521127,0.005761843790012804,0.44494238156209986,1.0
P04,Cupglass_Boat,CHAN-MMR,0.014084507042253521,0.16357234314980795,-0.14948783610755442,0.22727272727272727,0.0,0.016325224071702945,-0.016325224071702945,0.3977272727272727
P04,Desk_Men,CHAN-MMR,0.15492957746478872,0.16101152368758,-0.00608194622279129,0.7954545454545454,0.04225352112676056,0.015364916773367477,0.026888604353393086,0.9431818181818182
P04,Desk_Ocean,CHAN-MMR,0.1267605633802817,0.16069142125480154,-0.033930857874519854,0.7272727272727273,0.0,0.016325224071702945,-0.016325224071702945,0.3977272727272727
P04,Desk_Room,CHAN-MMR,0.6056338028169014,0.14884763124199746,0.4567861715749039,0.9318181818181818,0.028169014084507043,0.016645326504481434,0.011523687580025609,0.9090909090909091
P04,Drink_Tree,CHAN-MMR,0.11267605633802817,0.16261203585147246,-0.04993597951344429,0.6704545454545454,0.028169014084507043,0.016005121638924456,0.012163892445582587,0.8636363636363636
P04,Face_Party,CHAN-MMR,0.0,0.15364916773367476,-0.15364916773367476,0.10227272727272728,0.0,0.01504481434058899,-0.01504481434058899,0.4090909090909091
P04,Food_Garden,CHAN-MMR,0.0,0.1443661971830986,-0.1443661971830986,0.09090909090909091,0.0,0.015364916773367477,-0.015364916773367477,0.38636363636363635
P04,Food_Sky,CHAN-MMR,0.028169014084507043,0.16357234314980795,-0.13540332906530092,0.26136363636363635,0.0,0.017285531370038413,-0.017285531370038413,0.3977272727272727
P04,Food_Street,CHAN-MMR,0.04225352112676056,0.14852752880921896,-0.1062740076824584,0.4772727272727273,0.0,0.016005121638924456,-0.016005121638924456,0.4318181818181818
P04,Garden_Hall,CHAN-MMR,0.07042253521126761,0.15492957746478872,-0.08450704225352111,0.4659090909090909,0.0,0.01504481434058899,-0.01504481434058899,0.4090909090909091
P04,Garden_Office,CHAN-MMR,0.07042253521126761,0.15236875800256083,-0.08194622279129322,0.48863636363636365,0.0,0.01504481434058899,-0.01504481434058899,0.4090909090909091
P04,Garden_Sign,CHAN-MMR,0.0,0.15492957746478875,-0.15492957746478875,0.07954545454545454,0.0,0.016005121638924456,-0.016005121638924456,0.3977272727272727
P04,Hall_Lady,CHAN-MMR,0.09859154929577464,0.15012804097311142,-0.051536491677336774,0.6590909090909091,0.0,0.0147247119078105,-0.0147247119078105,0.4090909090909091
P04,Hall_Park,CHAN-MMR,0.09859154929577464,0.15524967989756722,-0.056658130601792575,0.625,0.0,0.01504481434058899,-0.01504481434058899,0.4090909090909091
P04,Hall_Student,CHAN-MMR,0.07042253521126761,0.15973111395646608,-0.08930857874519847,0.45454545454545453,0.0,0.015685019206145966,-0.015685019206145966,0.4090909090909091
P04,Hands_Lady,CHAN-MMR,0.38028169014084506,0.1517285531370038,0.22855313700384125,0.8409090909090909,0.014084507042253521,0.016645326504481434,-0.002560819462227913,0.8295454545454546
P04,Lady_Boat,CHAN-MMR,0.04225352112676056,0.15140845070422534,-0.10915492957746478,0.29545454545454547,0.0,0.0147247119078105,-0.0147247119078105,0.4090909090909091
P04,Men_Sun,CHAN-MMR,0.09859154929577464,0.16165172855313703,-0.06306017925736239,0.6022727272727273,0.0,0.01664532650448143,-0.01664532650448143,0.3977272727272727
P04,Office_Boat,CHAN-MMR,0.056338028169014086,0.15492957746478872,-0.09859154929577463,0.3977272727272727,0.0,0.01504481434058899,-0.01504481434058899,0.4090909090909091
P04,Office_Park,CHAN-MMR,0.07042253521126761,0.1520486555697823,-0.0816261203585147,0.5113636363636364,0.0,0.0147247119078105,-0.0147247119078105,0.4090909090909091
P04,Park_Sun,CHAN-MMR,0.028169014084507043,0.145966709346991,-0.11779769526248395,0.2840909090909091,0.0,0.013764404609475032,-0.013764404609475032,0.4090909090909091
P04,Phone_Baby,CHAN-MMR,0.0,0.16133162612035853,-0.16133162612035853,0.10227272727272728,0.0,0.015685019206145966,-0.015685019206145966,0.3977272727272727
P04,Room_Boat,CHAN-MMR,0.49295774647887325,0.15396927016645326,0.33898847631242,0.8636363636363636,0.0,0.016325224071702945,-0.016325224071702945,0.3977272727272727
P04,Room_Window,CHAN-MMR,0.5774647887323944,0.14596670934699105,0.4314980793854033,0.9204545454545454,0.07042253521126761,0.014084507042253523,0.056338028169014086,0.9772727272727273
P04,School_Toy,CHAN-MMR,0.0,0.16517285531370038,-0.16517285531370038,0.07954545454545454,0.0,0.017285531370038413,-0.017285531370038413,0.38636363636363635
P04,Shoes_Baby,CHAN-MMR,0.014084507042253521,0.15685019206145964,-0.1427656850192061,0.23863636363636365,0.0,0.016005121638924456,-0.016005121638924456,0.38636363636363635
P04,Student_Flower,CHAN-MMR,0.0,0.15140845070422532,-0.15140845070422532,0.07954545454545454,0.0,0.014404609475032009,-0.014404609475032009,0.3977272727272727
P04,Sun_Bed,CHAN-MMR,0.0,0.146606914212548,-0.146606914212548,0.07954545454545454,0.0,0.013444302176696543,-0.013444302176696543,0.4090909090909091
P04,Sun_Tree,CHAN-MMR,0.09859154929577464,0.1526888604353393,-0.05409731113956466,0.625,0.0,0.014404609475032009,-0.014404609475032009,0.4090909090909091
P01,Book_Street,Ours-Nested-Intent-Selector,0.8545454545454545,0.274793388429752,0.5797520661157025,0.9090909090909091,0.0,0.03925619834710744,-0.03925619834710744,0.4318181818181818
P01,Book_Sun,Ours-Nested-Intent-Selector,0.45454545454545453,0.20537190082644627,0.24917355371900826,0.8863636363636364,0.0,0.023553719008264463,-0.023553719008264463,0.4090909090909091
P01,Book_Tree,Ours-Nested-Intent-Selector,0.9636363636363636,0.2628099173553719,0.7008264462809917,1.0,0.0,0.03595041322314049,-0.03595041322314049,0.4318181818181818
P01,Building_Petsanimal,Ours-Nested-Intent-Selector,0.6727272727272727,0.25537190082644623,0.4173553719008265,0.7954545454545454,0.0,0.03264462809917356,-0.03264462809917356,0.4318181818181818
P01,Car_Petsanimal,Ours-Nested-Intent-Selector,1.0,0.2747933884297521,0.7252066115702479,1.0,0.0,0.03429752066115703,-0.03429752066115703,0.45454545454545453
P01,Chair_Desk,Ours-Nested-Intent-Selector,0.6909090909090909,0.30619834710743804,0.3847107438016529,0.8181818181818182,0.2727272727272727,0.08801652892561984,0.18471074380165287,0.8522727272727273
P01,Chair_Men,Ours-Nested-Intent-Selector,0.9818181818181818,0.306198347107438,0.6756198347107438,0.9431818181818182,0.5272727272727272,0.08636363636363636,0.44090909090909086,0.9545454545454546
P01,Computer_Boat,Ours-Nested-Intent-Selector,0.9454545454545454,0.11570247933884298,0.8297520661157025,1.0,0.0,0.014049586776859503,-0.014049586776859503,0.42045454545454547
P01,Cupglass_Garden,Ours-Nested-Intent-Selector,0.18181818181818182,0.29999999999999993,-0.11818181818181811,0.5909090909090909,0.0,0.08223140495867769,-0.08223140495867769,0.3409090909090909
P01,Desk_Face,Ours-Nested-Intent-Selector,0.6727272727272727,0.3082644628099173,0.3644628099173554,0.75,0.21818181818181817,0.1,0.11818181818181817,0.7954545454545454
P01,Desk_Hands,Ours-Nested-Intent-Selector,0.8727272727272727,0.3210743801652893,0.5516528925619835,0.8863636363636364,0.3090909090909091,0.10206611570247932,0.20702479338842977,0.8409090909090909
P01,Desk_Office,Ours-Nested-Intent-Selector,0.509090909090909,0.21818181818181823,0.2909090909090908,0.8181818181818182,0.03636363636363636,0.048760330578512395,-0.012396694214876033,0.8522727272727273
P01,Drink_Face,Ours-Nested-Intent-Selector,0.7454545454545455,0.309504132231405,0.4359504132231405,0.8409090909090909,0.21818181818181817,0.09090909090909091,0.12727272727272726,0.8181818181818182
P01,Drink_Food,Ours-Nested-Intent-Selector,0.9636363636363636,0.3045454545454545,0.6590909090909092,0.8863636363636364,0.509090909090909,0.09628099173553718,0.41280991735537187,0.9318181818181818
P01,Drink_Musicalinstrument,Ours-Nested-Intent-Selector,0.4,0.2946280991735537,0.10537190082644632,0.6590909090909091,0.0,0.09421487603305785,-0.09421487603305785,0.36363636363636365
P01,Face_Party,Ours-Nested-Intent-Selector,0.6363636363636364,0.32685950413223136,0.309504132231405,0.7272727272727273,0.16363636363636364,0.10578512396694215,0.05785123966942149,0.7727272727272727
P01,Face_Phone,Ours-Nested-Intent-Selector,0.7454545454545455,0.27272727272727276,0.4727272727272727,0.9090909090909091,0.12727272727272726,0.0640495867768595,0.06322314049586776,0.7840909090909091
P01,Food_Grass,Ours-Nested-Intent-Selector,0.9818181818181818,0.19586776859504135,0.7859504132231405,0.9431818181818182,0.0,0.034297520661157016,-0.034297520661157016,0.3977272727272727
P01,Food_Hands,Ours-Nested-Intent-Selector,1.0,0.20537190082644627,0.7946280991735537,1.0,0.8545454545454545,0.02520661157024793,0.8293388429752065,1.0
P01,Food_Men,Ours-Nested-Intent-Selector,1.0,0.2979338842975207,0.7020661157024792,0.9886363636363636,0.9090909090909091,0.08636363636363636,0.8227272727272728,1.0
P01,Food_Sky,Ours-Nested-Intent-Selector,0.9272727272727272,0.24049586776859505,0.6867768595041321,1.0,0.0,0.03512396694214876,-0.03512396694214876,0.375
P01,Grass_Hall,Ours-Nested-Intent-Selector,0.23636363636363636,0.21157024793388432,0.02479338842975204,0.6704545454545454,0.0,0.01900826446280992,-0.01900826446280992,0.38636363636363635
P01,Grass_Kids,Ours-Nested-Intent-Selector,0.14545454545454545,0.2739669421487603,-0.12851239669421483,0.38636363636363635,0.0,0.02603305785123967,-0.02603305785123967,0.36363636363636365
P01,Grass_Phone,Ours-Nested-Intent-Selector,0.6909090909090909,0.20082644628099172,0.4900826446280992,0.8863636363636364,0.0,0.012396694214876032,-0.012396694214876032,0.4090909090909091
P01,Grass_Shoes,Ours-Nested-Intent-Selector,0.18181818181818182,0.26115702479338837,-0.07933884297520655,0.45454545454545453,0.0,0.021487603305785124,-0.021487603305785124,0.4090909090909091
P01,Grass_Student,Ours-Nested-Intent-Selector,0.05454545454545454,0.2549586776859504,-0.20041322314049584,0.18181818181818182,0.0,0.026446280991735537,-0.026446280991735537,0.4090909090909091
P01,Hall_Garden,Ours-Nested-Intent-Selector,0.36363636363636365,0.21115702479338846,0.15247933884297518,0.8068181818181818,0.0,0.017355371900826446,-0.017355371900826446,0.38636363636363635
P01,Hands_Men,Ours-Nested-Intent-Selector,1.0,0.31239669421487604,0.687603305785124,0.9659090909090909,0.7818181818181819,0.09256198347107437,0.6892561983471075,0.9772727272727273
P01,Hat_Phone,Ours-Nested-Intent-Selector,0.7636363636363637,0.2049586776859504,0.5586776859504132,0.9090909090909091,0.0,0.019421487603305785,-0.019421487603305785,0.3522727272727273
P01,Lady_Boat,Ours-Nested-Intent-Selector,0.509090909090909,0.2768595041322314,0.2322314049586776,0.8409090909090909,0.0,0.06322314049586776,-0.06322314049586776,0.3409090909090909
P01,Market_Beach,Ours-Nested-Intent-Selector,0.6909090909090909,0.17438016528925623,0.5165289256198347,0.9772727272727273,0.0,0.0128099173553719,-0.0128099173553719,0.42045454545454547
P01,Men_Room,Ours-Nested-Intent-Selector,0.9818181818181818,0.24008264462809914,0.7417355371900827,0.9659090909090909,0.34545454545454546,0.05867768595041323,0.28677685950413223,0.9318181818181818
P01,Office_Chocolate,Ours-Nested-Intent-Selector,0.09090909090909091,0.14917355371900828,-0.05826446280991737,0.375,0.0,0.008264462809917356,-0.008264462809917356,0.4090909090909091
P01,Party_Tree,Ours-Nested-Intent-Selector,0.7636363636363637,0.28140495867768595,0.4822314049586777,0.9090909090909091,0.0,0.048760330578512395,-0.048760330578512395,0.3522727272727273
P01,Phone_Sun,Ours-Nested-Intent-Selector,0.9454545454545454,0.18429752066115698,0.7611570247933884,0.9659090909090909,0.0,0.010743801652892562,-0.010743801652892562,0.3977272727272727
P01,Room_Garden,Ours-Nested-Intent-Selector,0.6727272727272727,0.1830578512396694,0.48966942148760334,0.9772727272727273,0.0,0.009090909090909092,-0.009090909090909092,0.42045454545454547
P01,School_Ocean,Ours-Nested-Intent-Selector,0.0,0.2768595041322314,-0.2768595041322314,0.011363636363636364,0.0,0.04834710743801652,-0.04834710743801652,0.375
P01,Shoes_Bed,Ours-Nested-Intent-Selector,0.2,0.20123966942148763,-0.0012396694214876214,0.6477272727272727,0.0,0.011983471074380166,-0.011983471074380166,0.3977272727272727
P01,Sign_Musicalinstrument,Ours-Nested-Intent-Selector,0.14545454545454545,0.21652892561983475,-0.0710743801652893,0.3522727272727273,0.0,0.01487603305785124,-0.01487603305785124,0.38636363636363635
P01,Sky_Street,Ours-Nested-Intent-Selector,0.9454545454545454,0.27396694214876033,0.671487603305785,0.9772727272727273,0.8181818181818182,0.02066115702479339,0.7975206611570248,0.9772727272727273
P01,Sky_Student,Ours-Nested-Intent-Selector,0.7636363636363637,0.25537190082644623,0.5082644628099174,0.8977272727272727,0.0,0.031818181818181815,-0.031818181818181815,0.4431818181818182
P01,Sky_Tree,Ours-Nested-Intent-Selector,0.9272727272727272,0.2768595041322314,0.6504132231404958,0.9545454545454546,0.8545454545454545,0.02066115702479339,0.8338842975206611,1.0
P01,Street_Student,Ours-Nested-Intent-Selector,0.7636363636363637,0.2619834710743802,0.5016528925619834,0.9204545454545454,0.0,0.032231404958677684,-0.032231404958677684,0.45454545454545453
P01,Sun_Lake,Ours-Nested-Intent-Selector,0.01818181818181818,0.2524793388429752,-0.234297520661157,0.045454545454545456,0.0,0.030578512396694214,-0.030578512396694214,0.3409090909090909
P01,Window_Petsanimal,Ours-Nested-Intent-Selector,0.6,0.27231404958677685,0.3276859504132231,0.8295454545454546,0.0,0.03140495867768595,-0.03140495867768595,0.4431818181818182
P02,Blonde_Book,Ours-Nested-Intent-Selector,0.6027397260273972,0.16998754669987545,0.43275217932752175,0.8636363636363636,0.0,0.004669987546699875,-0.004669987546699875,0.4431818181818182
P02,Book_Garden,Ours-Nested-Intent-Selector,0.4794520547945205,0.17839352428393523,0.3010585305105853,0.8863636363636364,0.0,0.0037359900373599,-0.0037359900373599,0.45454545454545453
P02,Book_Park,Ours-Nested-Intent-Selector,0.3150684931506849,0.2092154420921544,0.10585305105853052,0.7840909090909091,0.0,0.01183063511830635,-0.01183063511830635,0.375
P02,Building_Boat,Ours-Nested-Intent-Selector,0.6164383561643836,0.17029887920298878,0.4461394769613948,0.8522727272727273,0.0,0.0043586550435865505,-0.0043586550435865505,0.4659090909090909
P02,Building_Food,Ours-Nested-Intent-Selector,0.8493150684931506,0.25716064757160645,0.5921544209215441,1.0,0.0821917808219178,0.03424657534246575,0.04794520547945205,0.8409090909090909
P02,Car_School,Ours-Nested-Intent-Selector,0.9726027397260274,0.12858032378580322,0.8440224159402242,1.0,0.0,0.009028642590286426,-0.009028642590286426,0.45454545454545453
P02,Chair_Hall,Ours-Nested-Intent-Selector,0.5068493150684932,0.2683686176836862,0.23848069738480698,0.75,0.0273972602739726,0.04701120797011207,-0.019613947696139472,0.7727272727272727
P02,Chair_Men,Ours-Nested-Intent-Selector,1.0,0.2773972602739726,0.7226027397260274,0.9659090909090909,0.5205479452054794,0.06506849315068493,0.4554794520547945,0.9772727272727273
P02,Computer_Kids,Ours-Nested-Intent-Selector,0.273972602739726,0.2721046077210461,0.0018679950186799021,0.625,0.0,0.03767123287671233,-0.03767123287671233,0.3409090909090909
P02,Computer_Park,Ours-Nested-Intent-Selector,0.5616438356164384,0.1718555417185554,0.38978829389788294,0.9431818181818182,0.0,0.007783312577833126,-0.007783312577833126,0.36363636363636365
P02,Computer_Shoes,Ours-Nested-Intent-Selector,0.6438356164383562,0.1566002490660025,0.4872353673723537,0.8863636363636364,0.0,0.005292652552926525,-0.005292652552926525,0.4090909090909091
P02,Cupglass_Room,Ours-Nested-Intent-Selector,1.0,0.10273972602739727,0.8972602739726028,1.0,0.6301369863013698,0.00311332503113325,0.6270236612702366,1.0
P02,Desk_Hands,Ours-Nested-Intent-Selector,0.9041095890410958,0.24190535491905354,0.6622042341220423,0.9659090909090909,0.3424657534246575,0.04669987546699875,0.29576587795765874,0.9318181818181818
P02,Drink_Hands,Ours-Nested-Intent-Selector,0.8356164383561644,0.2758405977584059,0.5597758405977584,0.8409090909090909,0.2876712328767123,0.07191780821917808,0.21575342465753422,0.8977272727272727
P02,Drink_Park,Ours-Nested-Intent-Selector,0.2054794520547945,0.28362391033623907,-0.07814445828144456,0.5909090909090909,0.0,0.0386052303860523,-0.0386052303860523,0.3409090909090909
P02,Drink_Room,Ours-Nested-Intent-Selector,0.684931506849315,0.24221668742216684,0.4427148194271482,0.8863636363636364,0.1643835616438356,0.03953922789539228,0.12484433374844334,0.8636363636363636
P02,Face_Baby,Ours-Nested-Intent-Selector,0.4246575342465753,0.3038605230386053,0.12079701120797004,0.6136363636363636,0.0,0.07378580323785804,-0.07378580323785804,0.36363636363636365
P02,Face_Food,Ours-Nested-Intent-Selector,0.9726027397260274,0.26961394769613944,0.702988792029888,0.9431818181818182,0.3424657534246575,0.07191780821917808,0.2705479452054794,0.9090909090909091
P02,Face_Lady,Ours-Nested-Intent-Selector,0.726027397260274,0.2826899128268991,0.4433374844333749,0.8409090909090909,0.1917808219178082,0.06320049813200498,0.12858032378580322,0.8409090909090909
P02,Flower_Student,Ours-Nested-Intent-Selector,0.0410958904109589,0.3122665006226649,-0.271170610211706,0.3522727272727273,0.0,0.053860523038605224,-0.053860523038605224,0.32954545454545453
P02,Food_Men,Ours-Nested-Intent-Selector,1.0,0.26743462017434616,0.7325653798256538,0.9659090909090909,0.9315068493150684,0.05510585305105853,0.8764009962640099,1.0
P02,Garden_Party,Ours-Nested-Intent-Selector,0.136986301369863,0.26712328767123283,-0.13013698630136983,0.45454545454545453,0.0,0.03767123287671233,-0.03767123287671233,0.3409090909090909
P02,Garden_Phone,Ours-Nested-Intent-Selector,0.136986301369863,0.19489414694894147,-0.057907845579078465,0.6590909090909091,0.0,0.0074719800747198,-0.0074719800747198,0.4318181818181818
P02,Grass_Bed,Ours-Nested-Intent-Selector,0.136986301369863,0.1603362391033624,-0.023349937733499387,0.8181818181818182,0.0,0.009651307596513075,-0.009651307596513075,0.4659090909090909
P02,Hall_Park,Ours-Nested-Intent-Selector,0.1095890410958904,0.2636986301369863,-0.1541095890410959,0.38636363636363635,0.0,0.030821917808219176,-0.030821917808219176,0.32954545454545453
P02,Hands_Lady,Ours-Nested-Intent-Selector,0.863013698630137,0.2861145703611457,0.5768991282689913,0.8863636363636364,0.2602739726027397,0.07254047322540473,0.18773349937733497,0.9090909090909091
P02,Hands_Men,Ours-Nested-Intent-Selector,1.0,0.2786425902864259,0.7213574097135741,0.9659090909090909,0.6986301369863014,0.06257783312577833,0.636052303860523,0.9772727272727273
P02,Hands_Tree,Ours-Nested-Intent-Selector,0.8356164383561644,0.1693648816936488,0.6662515566625156,0.9204545454545454,0.1095890410958904,0.00684931506849315,0.10273972602739725,0.9772727272727273
P02,Kids_Ocean,Ours-Nested-Intent-Selector,0.136986301369863,0.2764632627646326,-0.13947696139476962,0.38636363636363635,0.0,0.03953922789539228,-0.03953922789539228,0.32954545454545453
P02,Kids_Office,Ours-Nested-Intent-Selector,0.0136986301369863,0.28953922789539227,-0.27584059775840597,0.29545454545454547,0.0,0.04514321295143213,-0.04514321295143213,0.3522727272727273
P02,Lady_Street,Ours-Nested-Intent-Selector,1.0,0.22073474470734747,0.7792652552926526,1.0,0.273972602739726,0.018057285180572855,0.25591531755915314,1.0
P02,Market_Ocean,Ours-Nested-Intent-Selector,0.410958904109589,0.23256537982565376,0.17839352428393526,0.7272727272727273,0.0,0.029576587795765875,-0.029576587795765875,0.3409090909090909
P02,Men_Bed,Ours-Nested-Intent-Selector,0.9315068493150684,0.2565379825653799,0.6749688667496885,0.9431818181818182,0.0,0.06320049813200498,-0.06320049813200498,0.3522727272727273
P02,Office_Shoes,Ours-Nested-Intent-Selector,0.0547945205479452,0.18617683686176834,-0.13138231631382313,0.3977272727272727,0.0,0.01681195516811955,-0.01681195516811955,0.36363636363636365
P02,Park_Bed,Ours-Nested-Intent-Selector,0.0958904109589041,0.20049813200498134,-0.10460772104607724,0.5227272727272727,0.0,0.009651307596513075,-0.009651307596513075,0.375
P02,Park_Room,Ours-Nested-Intent-Selector,0.6438356164383562,0.17310087173100872,0.47073474470734744,1.0,0.0,0.008717310087173101,-0.008717310087173101,0.375
P02,Party_Phone,Ours-Nested-Intent-Selector,0.1232876712328767,0.29763387297633864,-0.17434620174346194,0.5227272727272727,0.0,0.05323785803237858,-0.05323785803237858,0.36363636363636365
P02,Phone_Lake,Ours-Nested-Intent-Selector,0.0136986301369863,0.200186799501868,-0.1864881693648817,0.10227272727272728,0.0,0.017434620174346202,-0.017434620174346202,0.36363636363636365
P02,Room_Boat,Ours-Nested-Intent-Selector,0.7671232876712328,0.16500622665006223,0.6021170610211706,0.9545454545454546,0.0,0.004669987546699875,-0.004669987546699875,0.42045454545454547
P02,Sign_Petsanimal,Ours-Nested-Intent-Selector,0.0684931506849315,0.16376089663760895,-0.09526774595267745,0.7045454545454546,0.0,0.012453300124533,-0.012453300124533,0.4659090909090909
P02,Sky_Dance,Ours-Nested-Intent-Selector,0.8904109589041096,0.15099626400996266,0.7394146948941469,0.9204545454545454,0.0,0.009962640099626401,-0.009962640099626401,0.3977272727272727
P02,Street_School,Ours-Nested-Intent-Selector,0.8767123287671232,0.1344956413449564,0.7422166874221668,0.9318181818181818,0.0,0.009028642590286426,-0.009028642590286426,0.4431818181818182
P02,Street_Window,Ours-Nested-Intent-Selector,0.9452054794520548,0.13667496886674968,0.8085305105853051,0.9659090909090909,0.3698630136986301,0.002801992528019925,0.3670610211706102,1.0
P02,Sun_Ocean,Ours-Nested-Intent-Selector,0.0273972602739726,0.15660024906600248,-0.12920298879202988,0.5681818181818182,0.0,0.01183063511830635,-0.01183063511830635,0.45454545454545453
P02,Toy_Lake,Ours-Nested-Intent-Selector,0.0547945205479452,0.2995018679950187,-0.2447073474470735,0.18181818181818182,0.0,0.039850560398505604,-0.039850560398505604,0.3522727272727273
P03,Book_Lady,Ours-Nested-Intent-Selector,0.37209302325581395,0.2304439746300212,0.14164904862579275,0.75,0.046511627906976744,0.013742071881606765,0.032769556025369975,0.875
P03,Book_Street,Ours-Nested-Intent-Selector,0.813953488372093,0.2996828752642706,0.5142706131078224,0.9431818181818182,0.023255813953488372,0.03012684989429176,-0.006871035940803388,0.7045454545454546
P03,Book_Tree,Ours-Nested-Intent-Selector,0.813953488372093,0.30179704016913317,0.5121564482029599,0.9090909090909091,0.023255813953488372,0.029598308668076112,-0.00634249471458774,0.7272727272727273
P03,Building_Garden,Ours-Nested-Intent-Selector,0.3953488372093023,0.2383720930232558,0.1569767441860465,0.7045454545454546,0.0,0.016384778012684988,-0.016384778012684988,0.4431818181818182
P03,Car_Chocolate,Ours-Nested-Intent-Selector,0.4883720930232558,0.23097251585623682,0.257399577167019,0.9204545454545454,0.0,0.014799154334038054,-0.014799154334038054,0.4318181818181818
P03,Car_Tree,Ours-Nested-Intent-Selector,1.0,0.297568710359408,0.702431289640592,0.9886363636363636,0.8837209302325582,0.011627906976744186,0.872093023255814,1.0
P03,Chair_Dance,Ours-Nested-Intent-Selector,0.16279069767441862,0.27906976744186046,-0.11627906976744184,0.4659090909090909,0.0,0.03699788583509514,-0.03699788583509514,0.38636363636363635
P03,Chair_Tree,Ours-Nested-Intent-Selector,0.8604651162790697,0.3007399577167019,0.5597251585623678,0.9772727272727273,0.023255813953488372,0.030655391120507403,-0.0073995771670190315,0.6931818181818182
P03,Chocolate_Food,Ours-Nested-Intent-Selector,0.8837209302325582,0.21564482029598311,0.6680761099365751,0.9204545454545454,0.11627906976744186,0.017970401691331926,0.09830866807610994,0.9772727272727273
P03,Chocolate_Phone,Ours-Nested-Intent-Selector,0.18604651162790697,0.2135306553911205,-0.027484143763213537,0.7045454545454546,0.0,0.013213530655391121,-0.013213530655391121,0.42045454545454547
P03,Chocolate_Street,Ours-Nested-Intent-Selector,0.32558139534883723,0.23467230443974635,0.09090909090909088,0.7386363636363636,0.0,0.0153276955602537,-0.0153276955602537,0.4318181818181818
P03,Chocolate_Tree,Ours-Nested-Intent-Selector,0.4418604651162791,0.26004228329809725,0.18181818181818182,0.7159090909090909,0.0,0.026955602536997893,-0.026955602536997893,0.2159090909090909
P03,Computer_Cupglass,Ours-Nested-Intent-Selector,0.9069767441860465,0.257399577167019,0.6495771670190275,0.9772727272727273,0.16279069767441862,0.03224101479915433,0.13054968287526428,0.8977272727272727
P03,Computer_Dance,Ours-Nested-Intent-Selector,0.9069767441860465,0.2219873150105708,0.6849894291754757,0.9659090909090909,0.0,0.020084566596194505,-0.020084566596194505,0.3977272727272727
P03,Computer_Grass,Ours-Nested-Intent-Selector,0.5813953488372093,0.2959830866807611,0.2854122621564482,0.8181818181818182,0.0,0.027484143763213533,-0.027484143763213533,0.2159090909090909
P03,Cupglass_Desk,Ours-Nested-Intent-Selector,0.3953488372093023,0.2547568710359408,0.1405919661733615,0.7840909090909091,0.09302325581395349,0.049682875264270614,0.04334038054968287,0.8522727272727273
P03,Cupglass_Grass,Ours-Nested-Intent-Selector,0.46511627906976744,0.25739957716701906,0.20771670190274838,0.7045454545454546,0.0,0.03964059196617336,-0.03964059196617336,0.38636363636363635
P03,Cupglass_Lake,Ours-Nested-Intent-Selector,0.3488372093023256,0.2600422832980973,0.08879492600422828,0.6931818181818182,0.0,0.04809725158562368,-0.04809725158562368,0.38636363636363635
P03,Cupglass_Room,Ours-Nested-Intent-Selector,0.5348837209302325,0.2235729386892178,0.3113107822410147,0.7954545454545454,0.11627906976744186,0.029598308668076112,0.08668076109936575,0.8863636363636364
P03,Cupglass_Window,Ours-Nested-Intent-Selector,0.5348837209302325,0.25158562367864695,0.28329809725158556,0.7840909090909091,0.023255813953488372,0.029598308668076112,-0.00634249471458774,0.7727272727272727
P03,Desk_Food,Ours-Nested-Intent-Selector,1.0,0.2510570824524313,0.7489429175475687,0.9431818181818182,0.18604651162790697,0.03805496828752642,0.14799154334038056,0.9659090909090909
P03,Desk_Hands,Ours-Nested-Intent-Selector,0.9767441860465116,0.23150105708245244,0.7452431289640591,0.9545454545454546,0.2558139534883721,0.040697674418604654,0.21511627906976744,0.9659090909090909
P03,Desk_Tree,Ours-Nested-Intent-Selector,0.7906976744186046,0.3060253699788583,0.4846723044397463,0.8409090909090909,0.023255813953488372,0.03594080338266385,-0.01268498942917548,0.625
P03,Drink_Food,Ours-Nested-Intent-Selector,1.0,0.25475687103594075,0.7452431289640593,0.9431818181818182,0.06976744186046512,0.040697674418604654,0.02906976744186046,0.875
P03,Drink_Tree,Ours-Nested-Intent-Selector,0.7674418604651163,0.29069767441860467,0.47674418604651164,0.875,0.0,0.025898520084566598,-0.025898520084566598,0.42045454545454547
P03,Face_Boat,Ours-Nested-Intent-Selector,0.11627906976744186,0.2674418604651163,-0.15116279069767447,0.4772727272727273,0.0,0.02748414376321353,-0.02748414376321353,0.3409090909090909
P03,Food_Hands,Ours-Nested-Intent-Selector,1.0,0.23467230443974632,0.7653276955602537,0.9090909090909091,1.0,0.016384778012684988,0.983615221987315,1.0
P03,Food_Lady,Ours-Nested-Intent-Selector,0.9767441860465116,0.2452431289640592,0.7315010570824524,0.9886363636363636,0.13953488372093023,0.03171247357293869,0.10782241014799154,0.9431818181818182
P03,Food_Room,Ours-Nested-Intent-Selector,0.9767441860465116,0.24682875264270612,0.7299154334038055,0.9318181818181818,0.23255813953488372,0.04281183932346722,0.1897463002114165,0.9318181818181818
P03,Grass_Beach,Ours-Nested-Intent-Selector,0.23255813953488372,0.3044397463002114,-0.0718816067653277,0.625,0.0,0.03118393234672305,-0.03118393234672305,0.22727272727272727
P03,Grass_Men,Ours-Nested-Intent-Selector,0.09302325581395349,0.2568710359408034,-0.16384778012684992,0.26136363636363635,0.0,0.021670190274841437,-0.021670190274841437,0.375
P03,Hall_Ocean,Ours-Nested-Intent-Selector,0.023255813953488372,0.15750528541226216,-0.1342494714587738,0.09090909090909091,0.0,0.007399577167019027,-0.007399577167019027,0.375
P03,Hands_Boat,Ours-Nested-Intent-Selector,0.9534883720930233,0.21564482029598311,0.7378435517970402,0.9431818181818182,0.0,0.034355179704016914,-0.034355179704016914,0.375
P03,Hands_Room,Ours-Nested-Intent-Selector,0.9534883720930233,0.2077167019027484,0.7457716701902749,0.9659090909090909,0.18604651162790697,0.03171247357293869,0.1543340380549683,0.9772727272727273
P03,Lady_Sports,Ours-Nested-Intent-Selector,0.13953488372093023,0.22621564482029602,-0.08668076109936579,0.38636363636363635,0.0,0.014799154334038056,-0.014799154334038056,0.38636363636363635
P03,Market_Beach,Ours-Nested-Intent-Selector,0.8837209302325582,0.2167019027484144,0.6670190274841438,0.9886363636363636,0.0,0.014799154334038056,-0.014799154334038056,0.38636363636363635
P03,Market_Sun,Ours-Nested-Intent-Selector,0.6976744186046512,0.23361522198731502,0.4640591966173362,0.9886363636363636,0.023255813953488372,0.023255813953488372,0.0,0.6136363636363636
P03,Men_Sun,Ours-Nested-Intent-Selector,0.11627906976744186,0.23625792811839325,-0.11997885835095139,0.23863636363636365,0.0,0.024841437632135307,-0.024841437632135307,0.3522727272727273
P03,Office_Tree,Ours-Nested-Intent-Selector,0.7441860465116279,0.3002114164904862,0.4439746300211417,0.8409090909090909,0.0,0.03065539112050741,-0.03065539112050741,0.2159090909090909
P03,Phone_Ocean,Ours-Nested-Intent-Selector,0.2558139534883721,0.18604651162790697,0.06976744186046513,0.75,0.0,0.016384778012684988,-0.016384778012684988,0.3977272727272727
P03,Room_Baby,Ours-Nested-Intent-Selector,0.46511627906976744,0.2219873150105708,0.24312896405919662,0.7954545454545454,0.0,0.033298097251585626,-0.033298097251585626,0.36363636363636365
P03,Room_Sky,Ours-Nested-Intent-Selector,0.7906976744186046,0.2674418604651163,0.5232558139534883,1.0,0.09302325581395349,0.038054968287526435,0.05496828752642705,0.875
P03,Sign_Student,Ours-Nested-Intent-Selector,0.20930232558139536,0.2145877378435518,-0.0052854122621564525,0.7386363636363636,0.0,0.009513742071881607,-0.009513742071881607,0.4090909090909091
P03,Street_Kids,Ours-Nested-Intent-Selector,0.46511627906976744,0.27061310782241016,0.19450317124735728,0.7954545454545454,0.023255813953488372,0.02801268498942918,-0.004756871035940809,0.6136363636363636
P03,Sun_Student,Ours-Nested-Intent-Selector,0.046511627906976744,0.24471458773784355,-0.1982029598308668,0.13636363636363635,0.023255813953488372,0.02854122621564482,-0.005285412262156449,0.6136363636363636
P04,Blonde_Beach,Ours-Nested-Intent-Selector,0.028169014084507043,0.24327784891165172,-0.21510883482714468,0.17045454545454544,0.0,0.006081946222791294,-0.006081946222791294,0.4090909090909091
P04,Blonde_Food,Ours-Nested-Intent-Selector,0.18309859154929578,0.235595390524968,-0.05249679897567222,0.4431818181818182,0.0,0.016325224071702945,-0.016325224071702945,0.38636363636363635
P04,Blonde_Garden,Ours-Nested-Intent-Selector,0.11267605633802817,0.23943661971830982,-0.12676056338028163,0.5,0.0,0.005441741357234315,-0.005441741357234315,0.3977272727272727
P04,Book_Chair,Ours-Nested-Intent-Selector,0.8169014084507042,0.18053777208706784,0.6363636363636365,1.0,0.16901408450704225,0.019206145966709345,0.14980793854033292,0.9772727272727273
P04,Book_Sports,Ours-Nested-Intent-Selector,0.6901408450704225,0.1386043533930858,0.5515364916773366,0.9545454545454546,0.0,0.008002560819462228,-0.008002560819462228,0.42045454545454547
P04,Building_School,Ours-Nested-Intent-Selector,0.5070422535211268,0.19398207426376438,0.3130601792573624,0.9318181818181818,0.028169014084507043,0.015685019206145966,0.012483994878361077,0.8409090909090909
P04,Building_Window,Ours-Nested-Intent-Selector,0.8732394366197183,0.2007042253521127,0.6725352112676055,1.0,0.19718309859154928,0.012483994878361077,0.1846991037131882,1.0
P04,Car_Chocolate,Ours-Nested-Intent-Selector,0.5211267605633803,0.251280409731114,0.26984635083226627,0.8522727272727273,0.0,0.00704225352112676,-0.00704225352112676,0.4090909090909091
P04,Car_Food,Ours-Nested-Intent-Selector,0.5492957746478874,0.24679897567221518,0.30249679897567217,0.8636363636363636,0.0,0.005761843790012804,-0.005761843790012804,0.3977272727272727
P04,Car_Market,Ours-Nested-Intent-Selector,0.6056338028169014,0.24423815620998723,0.36139564660691414,0.9318181818181818,0.0,0.0032010243277848915,-0.0032010243277848915,0.4318181818181818
P04,Car_Ocean,Ours-Nested-Intent-Selector,0.38028169014084506,0.24135723431498082,0.13892445582586424,0.7386363636363636,0.0,0.009282970550576185,-0.009282970550576185,0.4090909090909091
P04,Car_Office,Ours-Nested-Intent-Selector,0.09859154929577464,0.17605633802816903,-0.07746478873239439,0.5568181818181818,0.0,0.012804097311139562,-0.012804097311139562,0.4318181818181818
P04,Car_Sign,Ours-Nested-Intent-Selector,0.5352112676056338,0.24487836107554417,0.2903329065300896,0.8636363636363636,0.0,0.004161331626120359,-0.004161331626120359,0.4318181818181818
P04,Chair_Men,Ours-Nested-Intent-Selector,0.9577464788732394,0.26792573623559535,0.689820742637644,1.0,0.29577464788732394,0.03329065300896286,0.26248399487836105,0.9659090909090909
P04,Computer_Beach,Ours-Nested-Intent-Selector,1.0,0.13348271446862997,0.8665172855313701,0.9886363636363636,0.0,0.011523687580025609,-0.011523687580025609,0.38636363636363635
P04,Computer_Room,Ours-Nested-Intent-Selector,1.0,0.11587708066581306,0.884122919334187,0.9886363636363636,0.4084507042253521,0.004481434058898848,0.4039692701664533,1.0
P04,Cupglass_Boat,Ours-Nested-Intent-Selector,0.11267605633802817,0.190460947503201,-0.07778489116517283,0.5340909090909091,0.0,0.022727272727272728,-0.022727272727272728,0.3409090909090909
P04,Desk_Men,Ours-Nested-Intent-Selector,0.9436619718309859,0.280729833546735,0.6629321382842509,1.0,0.5070422535211268,0.03617157490396927,0.4708706786171575,1.0
P04,Desk_Ocean,Ours-Nested-Intent-Selector,0.4225352112676056,0.21830985915492954,0.2042253521126761,0.7840909090909091,0.0,0.03265044814340589,-0.03265044814340589,0.36363636363636365
P04,Desk_Room,Ours-Nested-Intent-Selector,0.9154929577464789,0.28137003841229197,0.6341229193341869,0.9772727272727273,0.3380281690140845,0.046734955185659406,0.2912932138284251,0.9545454545454546
P04,Drink_Tree,Ours-Nested-Intent-Selector,0.9436619718309859,0.23399487836107558,0.7096670934699103,0.9886363636363636,0.09859154929577464,0.005761843790012804,0.09282970550576183,0.9772727272727273
P04,Face_Party,Ours-Nested-Intent-Selector,0.04225352112676056,0.2679257362355954,-0.22567221510883484,0.125,0.0,0.027848911651728557,-0.027848911651728557,0.375
P04,Food_Garden,Ours-Nested-Intent-Selector,0.1267605633802817,0.23559539052496795,-0.10883482714468626,0.4431818181818182,0.0,0.006722151088348271,-0.006722151088348271,0.3977272727272727
P04,Food_Sky,Ours-Nested-Intent-Selector,0.5352112676056338,0.24647887323943662,0.28873239436619713,0.8636363636363636,0.0,0.004481434058898848,-0.004481434058898848,0.4318181818181818
P04,Food_Street,Ours-Nested-Intent-Selector,0.8873239436619719,0.24199743918053782,0.645326504481434,0.9545454545454546,0.0,0.00352112676056338,-0.00352112676056338,0.4090909090909091
P04,Garden_Hall,Ours-Nested-Intent-Selector,0.11267605633802817,0.21895006402048656,-0.10627400768245839,0.42045454545454547,0.0,0.009282970550576185,-0.009282970550576185,0.3977272727272727
P04,Garden_Office,Ours-Nested-Intent-Selector,0.09859154929577464,0.18982074263764404,-0.0912291933418694,0.4659090909090909,0.0,0.013444302176696545,-0.013444302176696545,0.3977272727272727
P04,Garden_Sign,Ours-Nested-Intent-Selector,0.11267605633802817,0.22791293213828426,-0.11523687580025609,0.45454545454545453,0.0,0.005441741357234315,-0.005441741357234315,0.4318181818181818
P04,Hall_Lady,Ours-Nested-Intent-Selector,0.8309859154929577,0.2736875800256082,0.5572983354673495,0.9204545454545454,0.3380281690140845,0.03777208706786172,0.3002560819462228,0.9772727272727273
P04,Hall_Park,Ours-Nested-Intent-Selector,0.3380281690140845,0.24519846350832264,0.09282970550576186,0.75,0.0,0.01504481434058899,-0.01504481434058899,0.3409090909090909
P04,Hall_Student,Ours-Nested-Intent-Selector,0.6338028169014085,0.2708066581306018,0.3629961587708067,0.8636363636363636,0.1267605633802817,0.03681177976952625,0.08994878361075544,0.8863636363636364
P04,Hands_Lady,Ours-Nested-Intent-Selector,0.9436619718309859,0.15300896286811783,0.790653008962868,1.0,0.04225352112676056,0.014084507042253523,0.02816901408450704,0.8636363636363636
P04,Lady_Boat,Ours-Nested-Intent-Selector,0.4647887323943662,0.2580025608194622,0.20678617157490398,0.8636363636363636,0.0,0.027848911651728557,-0.027848911651728557,0.3977272727272727
P04,Men_Sun,Ours-Nested-Intent-Selector,0.7887323943661971,0.24583866837387972,0.5428937259923174,0.9090909090909091,0.056338028169014086,0.008642765685019206,0.04769526248399488,0.9545454545454546
P04,Office_Boat,Ours-Nested-Intent-Selector,0.056338028169014086,0.15236875800256083,-0.09603072983354674,0.5681818181818182,0.0,0.016325224071702945,-0.016325224071702945,0.38636363636363635
P04,Office_Park,Ours-Nested-Intent-Selector,0.19718309859154928,0.1907810499359795,0.006402048655569786,0.6590909090909091,0.0,0.015044814340588986,-0.015044814340588986,0.3977272727272727
P04,Park_Sun,Ours-Nested-Intent-Selector,0.29577464788732394,0.23143405889884763,0.0643405889884763,0.7954545454545454,0.028169014084507043,0.006081946222791293,0.02208706786171575,0.9204545454545454
P04,Phone_Baby,Ours-Nested-Intent-Selector,0.09859154929577464,0.15941101152368758,-0.06081946222791294,0.5909090909090909,0.0,0.016005121638924456,-0.016005121638924456,0.3522727272727273
P04,Room_Boat,Ours-Nested-Intent-Selector,0.7887323943661971,0.15396927016645326,0.6347631241997439,0.9318181818181818,0.0,0.019206145966709345,-0.019206145966709345,0.375
P04,Room_Window,Ours-Nested-Intent-Selector,0.8732394366197183,0.1414852752880922,0.7317541613316261,1.0,0.3380281690140845,0.012483994878361075,0.32554417413572345,1.0
P04,School_Toy,Ours-Nested-Intent-Selector,0.11267605633802817,0.12676056338028172,-0.014084507042253544,0.7272727272727273,0.0,0.012163892445582586,-0.012163892445582586,0.3977272727272727
P04,Shoes_Baby,Ours-Nested-Intent-Selector,0.09859154929577464,0.2058258642765685,-0.10723431498079385,0.48863636363636365,0.0,0.020806658130601792,-0.020806658130601792,0.36363636363636365
P04,Student_Flower,Ours-Nested-Intent-Selector,0.04225352112676056,0.1936619718309859,-0.15140845070422534,0.1590909090909091,0.0,0.011523687580025609,-0.011523687580025609,0.3522727272727273
P04,Sun_Bed,Ours-Nested-Intent-Selector,0.11267605633802817,0.23143405889884763,-0.11875800256081946,0.3409090909090909,0.0,0.012483994878361077,-0.012483994878361077,0.3977272727272727
P04,Sun_Tree,Ours-Nested-Intent-Selector,1.0,0.22183098591549297,0.778169014084507,0.9886363636363636,0.09859154929577464,0.004161331626120359,0.09443021766965429,1.0
